,NCLO,Arrival Delay,Cap,Abandonment Penalty,Utility,protocol_type,protocol_name,Algorithm,map_size,max_nclo,converge_threshold
0,0,0.0,0.0,0.0,0.0,No Loss,e^-(0d),FMC_TA,9000X9000,5000,1e-05
1,200,0.0,0.0,0.0,0.0,No Loss,e^-(0d),FMC_TA,9000X9000,5000,1e-05
2,400,0.0,0.0,0.0,0.0,No Loss,e^-(0d),FMC_TA,9000X9000,5000,1e-05
3,600,0.0,0.0,0.0,0.0,No Loss,e^-(0d),FMC_TA,9000X9000,5000,1e-05
4,800,0.0,0.0,0.0,0.0,No Loss,e^-(0d),FMC_TA,9000X9000,5000,1e-05
5,1000,0.0,0.0,0.0,0.0,No Loss,e^-(0d),FMC_TA,9000X9000,5000,1e-05
6,1200,0.0,0.0,0.0,0.0,No Loss,e^-(0d),FMC_TA,9000X9000,5000,1e-05
7,1400,0.0,0.0,0.0,0.0,No Loss,e^-(0d),FMC_TA,9000X9000,5000,1e-05
8,1600,0.0,0.0,0.0,0.0,No Loss,e^-(0d),FMC_TA,9000X9000,5000,1e-05
9,1800,0.0,0.0,0.0,0.0,No Loss,e^-(0d),FMC_TA,9000X9000,5000,1e-05
10,2000,0.0,0.0,0.0,0.0,No Loss,e^-(0d),FMC_TA,9000X9000,5000,1e-05
11,2200,0.0,0.0,0.0,0.0,No Loss,e^-(0d),FMC_TA,9000X9000,5000,1e-05
12,2400,0.0,0.0,0.0,0.0,No Loss,e^-(0d),FMC_TA,9000X9000,5000,1e-05
13,2600,0.0,0.0,0.0,0.0,No Loss,e^-(0d),FMC_TA,9000X9000,5000,1e-05
14,2800,0.0,0.0,0.0,0.0,No Loss,e^-(0d),FMC_TA,9000X9000,5000,1e-05
15,3000,0.0,0.0,0.0,0.0,No Loss,e^-(0d),FMC_TA,9000X9000,5000,1e-05
16,3200,0.0,0.0,0.0,0.0,No Loss,e^-(0d),FMC_TA,9000X9000,5000,1e-05
17,3400,0.0,0.0,0.0,0.0,No Loss,e^-(0d),FMC_TA,9000X9000,5000,1e-05
18,3600,0.0,0.0,0.0,0.0,No Loss,e^-(0d),FMC_TA,9000X9000,5000,1e-05
19,3800,0.0,0.0,0.0,0.0,No Loss,e^-(0d),FMC_TA,9000X9000,5000,1e-05
20,4000,0.0,0.0,0.0,0.0,No Loss,e^-(0d),FMC_TA,9000X9000,5000,1e-05
21,4200,0.0,0.0,0.0,0.0,No Loss,e^-(0d),FMC_TA,9000X9000,5000,1e-05
22,4400,0.0,0.0,0.0,0.0,No Loss,e^-(0d),FMC_TA,9000X9000,5000,1e-05
23,4600,0.0,0.0,0.0,0.0,No Loss,e^-(0d),FMC_TA,9000X9000,5000,1e-05
24,4800,0.0,0.0,0.0,0.0,No Loss,e^-(0d),FMC_TA,9000X9000,5000,1e-05
25,5000,0.0,0.0,0.0,0.0,No Loss,e^-(0d),FMC_TA,9000X9000,5000,1e-05
26,5200,0.0,0.0,0.0,0.0,No Loss,e^-(0d),FMC_TA,9000X9000,5000,1e-05
27,5400,0.0,0.0,0.0,0.0,No Loss,e^-(0d),FMC_TA,9000X9000,5000,1e-05
28,5600,0.0,0.0,0.0,0.0,No Loss,e^-(0d),FMC_TA,9000X9000,5000,1e-05
29,5800,0.0,0.0,0.0,0.0,No Loss,e^-(0d),FMC_TA,9000X9000,5000,1e-05
30,6000,0.0,0.0,0.0,0.0,No Loss,e^-(0d),FMC_TA,9000X9000,5000,1e-05
31,6200,0.0,0.0,0.0,0.0,No Loss,e^-(0d),FMC_TA,9000X9000,5000,1e-05
32,6400,0.0,0.0,0.0,0.0,No Loss,e^-(0d),FMC_TA,9000X9000,5000,1e-05
33,6600,0.0,0.0,0.0,0.0,No Loss,e^-(0d),FMC_TA,9000X9000,5000,1e-05
34,6800,0.0,0.0,0.0,0.0,No Loss,e^-(0d),FMC_TA,9000X9000,5000,1e-05
35,7000,0.0,0.0,0.0,0.0,No Loss,e^-(0d),FMC_TA,9000X9000,5000,1e-05
36,7200,0.0,0.0,0.0,0.0,No Loss,e^-(0d),FMC_TA,9000X9000,5000,1e-05
37,7400,0.0,0.0,0.0,0.0,No Loss,e^-(0d),FMC_TA,9000X9000,5000,1e-05
38,7600,0.0,0.0,0.0,0.0,No Loss,e^-(0d),FMC_TA,9000X9000,5000,1e-05
39,7800,0.0,0.0,0.0,0.0,No Loss,e^-(0d),FMC_TA,9000X9000,5000,1e-05
40,8000,0.0,0.0,0.0,0.0,No Loss,e^-(0d),FMC_TA,9000X9000,5000,1e-05
41,8200,0.0,0.0,0.0,0.0,No Loss,e^-(0d),FMC_TA,9000X9000,5000,1e-05
42,8400,0.0,0.0,0.0,0.0,No Loss,e^-(0d),FMC_TA,9000X9000,5000,1e-05
43,8600,0.0,0.0,0.0,0.0,No Loss,e^-(0d),FMC_TA,9000X9000,5000,1e-05
44,8800,0.0,0.0,0.0,0.0,No Loss,e^-(0d),FMC_TA,9000X9000,5000,1e-05
45,9000,0.0,0.0,0.0,0.0,No Loss,e^-(0d),FMC_TA,9000X9000,5000,1e-05
46,9200,0.0,0.0,0.0,0.0,No Loss,e^-(0d),FMC_TA,9000X9000,5000,1e-05
47,9400,0.0,0.0,0.0,0.0,No Loss,e^-(0d),FMC_TA,9000X9000,5000,1e-05
48,9600,0.0,0.0,0.0,0.0,No Loss,e^-(0d),FMC_TA,9000X9000,5000,1e-05
49,9800,0.0,0.0,0.0,0.0,No Loss,e^-(0d),FMC_TA,9000X9000,5000,1e-05
50,10000,0.0,0.0,0.0,0.0,No Loss,e^-(0d),FMC_TA,9000X9000,5000,1e-05
51,10200,0.0,0.0,0.0,0.0,No Loss,e^-(0d),FMC_TA,9000X9000,5000,1e-05
52,10400,0.0,0.0,0.0,0.0,No Loss,e^-(0d),FMC_TA,9000X9000,5000,1e-05
53,10600,0.0,0.0,0.0,0.0,No Loss,e^-(0d),FMC_TA,9000X9000,5000,1e-05
54,10800,0.0,0.0,0.0,0.0,No Loss,e^-(0d),FMC_TA,9000X9000,5000,1e-05
55,11000,0.0,0.0,0.0,0.0,No Loss,e^-(0d),FMC_TA,9000X9000,5000,1e-05
56,11200,0.0,0.0,0.0,0.0,No Loss,e^-(0d),FMC_TA,9000X9000,5000,1e-05
57,11400,0.0,0.0,0.0,0.0,No Loss,e^-(0d),FMC_TA,9000X9000,5000,1e-05
58,11600,0.0,0.0,0.0,0.0,No Loss,e^-(0d),FMC_TA,9000X9000,5000,1e-05
59,11800,0.0,0.0,0.0,0.0,No Loss,e^-(0d),FMC_TA,9000X9000,5000,1e-05
60,12000,0.0,0.0,0.0,0.0,No Loss,e^-(0d),FMC_TA,9000X9000,5000,1e-05
61,12200,0.0,0.0,0.0,0.0,No Loss,e^-(0d),FMC_TA,9000X9000,5000,1e-05
62,12400,0.0,0.0,0.0,0.0,No Loss,e^-(0d),FMC_TA,9000X9000,5000,1e-05
63,12600,0.0,0.0,0.0,0.0,No Loss,e^-(0d),FMC_TA,9000X9000,5000,1e-05
64,12800,0.0,0.0,0.0,0.0,No Loss,e^-(0d),FMC_TA,9000X9000,5000,1e-05
65,13000,2274.4617844257873,1024.708554780922,0.0,634.531277994963,No Loss,e^-(0d),FMC_TA,9000X9000,5000,1e-05
66,13200,2274.4617844257873,1024.708554780922,0.0,634.531277994963,No Loss,e^-(0d),FMC_TA,9000X9000,5000,1e-05
67,13400,2274.4617844257873,1024.708554780922,0.0,634.531277994963,No Loss,e^-(0d),FMC_TA,9000X9000,5000,1e-05
68,13600,2274.4617844257873,1024.708554780922,0.0,634.531277994963,No Loss,e^-(0d),FMC_TA,9000X9000,5000,1e-05
69,13800,2274.4617844257873,1024.708554780922,0.0,634.531277994963,No Loss,e^-(0d),FMC_TA,9000X9000,5000,1e-05
70,14000,2274.4617844257873,1024.708554780922,0.0,634.531277994963,No Loss,e^-(0d),FMC_TA,9000X9000,5000,1e-05
71,14200,2274.4617844257873,1024.708554780922,0.0,634.531277994963,No Loss,e^-(0d),FMC_TA,9000X9000,5000,1e-05
72,14400,6645.581218998281,2828.0261003985042,0.0,1774.9158285155738,No Loss,e^-(0d),FMC_TA,9000X9000,5000,1e-05
73,14600,6645.581218998281,2828.0261003985042,0.0,1774.9158285155738,No Loss,e^-(0d),FMC_TA,9000X9000,5000,1e-05
74,14800,6645.581218998281,2828.0261003985042,0.0,1774.9158285155738,No Loss,e^-(0d),FMC_TA,9000X9000,5000,1e-05
75,15000,6645.581218998281,2828.0261003985042,0.0,1774.9158285155738,No Loss,e^-(0d),FMC_TA,9000X9000,5000,1e-05
76,15200,6645.581218998281,2828.0261003985042,0.0,1774.9158285155738,No Loss,e^-(0d),FMC_TA,9000X9000,5000,1e-05
77,15400,6645.581218998281,2828.0261003985042,0.0,1774.9158285155738,No Loss,e^-(0d),FMC_TA,9000X9000,5000,1e-05
78,15600,6645.581218998281,2828.0261003985042,0.0,1774.9158285155738,No Loss,e^-(0d),FMC_TA,9000X9000,5000,1e-05
79,15800,6645.581218998281,2828.0261003985042,0.0,1774.9158285155738,No Loss,e^-(0d),FMC_TA,9000X9000,5000,1e-05
80,16000,6645.581218998281,2828.0261003985042,0.0,1774.9158285155738,No Loss,e^-(0d),FMC_TA,9000X9000,5000,1e-05
81,16200,6645.581218998281,2828.0261003985042,0.0,1774.9158285155738,No Loss,e^-(0d),FMC_TA,9000X9000,5000,1e-05
82,16400,6645.581218998281,2828.0261003985042,0.0,1774.9158285155738,No Loss,e^-(0d),FMC_TA,9000X9000,5000,1e-05
83,16600,9705.539992805914,3398.234601218599,0.0,2074.1434070970145,No Loss,e^-(0d),FMC_TA,9000X9000,5000,1e-05
84,16800,9705.539992805914,3398.234601218599,0.0,2074.1434070970145,No Loss,e^-(0d),FMC_TA,9000X9000,5000,1e-05
85,17000,11612.183688915857,5399.161137633666,0.0,3413.0327416962964,No Loss,e^-(0d),FMC_TA,9000X9000,5000,1e-05
86,17200,11612.183688915857,5399.161137633666,0.0,3413.0327416962964,No Loss,e^-(0d),FMC_TA,9000X9000,5000,1e-05
87,17400,11612.183688915857,5399.161137633666,0.0,3413.0327416962964,No Loss,e^-(0d),FMC_TA,9000X9000,5000,1e-05
88,17600,11612.183688915857,5399.161137633666,0.0,3413.0327416962964,No Loss,e^-(0d),FMC_TA,9000X9000,5000,1e-05
89,17800,11612.183688915857,5399.161137633666,0.0,3413.0327416962964,No Loss,e^-(0d),FMC_TA,9000X9000,5000,1e-05
90,18000,11612.183688915857,5399.161137633666,0.0,3413.0327416962964,No Loss,e^-(0d),FMC_TA,9000X9000,5000,1e-05
91,18200,11612.183688915857,5399.161137633666,0.0,3413.0327416962964,No Loss,e^-(0d),FMC_TA,9000X9000,5000,1e-05
92,18400,11612.183688915857,5399.161137633666,0.0,3413.0327416962964,No Loss,e^-(0d),FMC_TA,9000X9000,5000,1e-05
93,18600,11612.183688915857,5399.161137633666,0.0,3413.0327416962964,No Loss,e^-(0d),FMC_TA,9000X9000,5000,1e-05
94,18800,15578.61471864371,6449.971382219725,0.0,3868.5831469983586,No Loss,e^-(0d),FMC_TA,9000X9000,5000,1e-05
95,19000,15578.61471864371,6449.971382219725,0.0,3868.5831469983586,No Loss,e^-(0d),FMC_TA,9000X9000,5000,1e-05
96,19200,15578.61471864371,6449.971382219725,0.0,3868.5831469983586,No Loss,e^-(0d),FMC_TA,9000X9000,5000,1e-05
97,19400,15578.61471864371,6449.971382219725,0.0,3868.5831469983586,No Loss,e^-(0d),FMC_TA,9000X9000,5000,1e-05
98,19600,15578.61471864371,6449.971382219725,0.0,3868.5831469983586,No Loss,e^-(0d),FMC_TA,9000X9000,5000,1e-05
99,19800,15578.61471864371,6449.971382219725,0.0,3868.5831469983586,No Loss,e^-(0d),FMC_TA,9000X9000,5000,1e-05
100,20000,17627.379700068752,7500.781626805784,0.0,4550.971506102711,No Loss,e^-(0d),FMC_TA,9000X9000,5000,1e-05
101,20200,17627.379700068752,7500.781626805784,0.0,4550.971506102711,No Loss,e^-(0d),FMC_TA,9000X9000,5000,1e-05
102,20400,17627.379700068752,7500.781626805784,0.0,4550.971506102711,No Loss,e^-(0d),FMC_TA,9000X9000,5000,1e-05
103,20600,17627.379700068752,7500.781626805784,0.0,4550.971506102711,No Loss,e^-(0d),FMC_TA,9000X9000,5000,1e-05
104,20800,19875.150166632542,8023.426241633543,0.0,4876.434644602244,No Loss,e^-(0d),FMC_TA,9000X9000,5000,1e-05
105,21000,19875.150166632542,8023.426241633543,0.0,4876.434644602244,No Loss,e^-(0d),FMC_TA,9000X9000,5000,1e-05
106,21200,22435.340627015157,12726.376317510563,0.0,7618.479702097942,No Loss,e^-(0d),FMC_TA,9000X9000,5000,1e-05
107,21400,22435.340627015157,12726.376317510563,0.0,7618.479702097942,No Loss,e^-(0d),FMC_TA,9000X9000,5000,1e-05
108,21600,22435.340627015157,12726.376317510563,0.0,7618.479702097942,No Loss,e^-(0d),FMC_TA,9000X9000,5000,1e-05
109,21800,22435.340627015157,12726.376317510563,0.0,7618.479702097942,No Loss,e^-(0d),FMC_TA,9000X9000,5000,1e-05
110,22000,22435.340627015157,12726.376317510563,0.0,7618.479702097942,No Loss,e^-(0d),FMC_TA,9000X9000,5000,1e-05
111,22200,23928.119847101178,16919.575917842245,0.0,10679.97695153694,No Loss,e^-(0d),FMC_TA,9000X9000,5000,1e-05
112,22400,23928.119847101178,16919.575917842245,0.0,10679.97695153694,No Loss,e^-(0d),FMC_TA,9000X9000,5000,1e-05
113,22600,23928.119847101178,16919.575917842245,0.0,10679.97695153694,No Loss,e^-(0d),FMC_TA,9000X9000,5000,1e-05
114,22800,23928.119847101178,16919.575917842245,0.0,10679.97695153694,No Loss,e^-(0d),FMC_TA,9000X9000,5000,1e-05
115,23000,23928.119847101178,16919.575917842245,0.0,10679.97695153694,No Loss,e^-(0d),FMC_TA,9000X9000,5000,1e-05
116,23200,23928.119847101178,16919.575917842245,0.0,10679.97695153694,No Loss,e^-(0d),FMC_TA,9000X9000,5000,1e-05
117,23400,23928.119847101178,16919.575917842245,0.0,10679.97695153694,No Loss,e^-(0d),FMC_TA,9000X9000,5000,1e-05
118,23600,29218.62276317483,19823.31074047793,0.0,12334.046838840704,No Loss,e^-(0d),FMC_TA,9000X9000,5000,1e-05
119,23800,33926.29845438883,21332.9841618217,0.0,12893.88198157252,No Loss,e^-(0d),FMC_TA,9000X9000,5000,1e-05
120,24000,33926.29845438883,21332.9841618217,0.0,12893.88198157252,No Loss,e^-(0d),FMC_TA,9000X9000,5000,1e-05
121,24200,33926.29845438883,21332.9841618217,0.0,12893.88198157252,No Loss,e^-(0d),FMC_TA,9000X9000,5000,1e-05
122,24400,33926.29845438883,21332.9841618217,0.0,12893.88198157252,No Loss,e^-(0d),FMC_TA,9000X9000,5000,1e-05
123,24600,33926.29845438883,21332.9841618217,0.0,12893.88198157252,No Loss,e^-(0d),FMC_TA,9000X9000,5000,1e-05
124,24800,33926.29845438883,21332.9841618217,0.0,12893.88198157252,No Loss,e^-(0d),FMC_TA,9000X9000,5000,1e-05
125,25000,33926.29845438883,21332.9841618217,0.0,12893.88198157252,No Loss,e^-(0d),FMC_TA,9000X9000,5000,1e-05
126,25200,33926.29845438883,21332.9841618217,0.0,12893.88198157252,No Loss,e^-(0d),FMC_TA,9000X9000,5000,1e-05
127,25400,33926.29845438883,21332.9841618217,0.0,12893.88198157252,No Loss,e^-(0d),FMC_TA,9000X9000,5000,1e-05
128,25600,33926.29845438883,21332.9841618217,0.0,12893.88198157252,No Loss,e^-(0d),FMC_TA,9000X9000,5000,1e-05
129,25800,33926.29845438883,21332.9841618217,0.0,12893.88198157252,No Loss,e^-(0d),FMC_TA,9000X9000,5000,1e-05
130,26000,33926.29845438883,21332.9841618217,0.0,12893.88198157252,No Loss,e^-(0d),FMC_TA,9000X9000,5000,1e-05
131,26200,33926.29845438883,21332.9841618217,0.0,12893.88198157252,No Loss,e^-(0d),FMC_TA,9000X9000,5000,1e-05
132,26400,36376.17223592647,21960.272862514154,0.0,13268.222908868218,No Loss,e^-(0d),FMC_TA,9000X9000,5000,1e-05
133,26600,36376.17223592647,21960.272862514154,0.0,13268.222908868218,No Loss,e^-(0d),FMC_TA,9000X9000,5000,1e-05
134,26800,36376.17223592647,21960.272862514154,0.0,13268.222908868218,No Loss,e^-(0d),FMC_TA,9000X9000,5000,1e-05
135,27000,36376.17223592647,21960.272862514154,0.0,13268.222908868218,No Loss,e^-(0d),FMC_TA,9000X9000,5000,1e-05
136,27200,36376.17223592647,21960.272862514154,0.0,13268.222908868218,No Loss,e^-(0d),FMC_TA,9000X9000,5000,1e-05
137,27400,36376.17223592647,21960.272862514154,0.0,13268.222908868218,No Loss,e^-(0d),FMC_TA,9000X9000,5000,1e-05
138,27600,36376.17223592647,21960.272862514154,0.0,13268.222908868218,No Loss,e^-(0d),FMC_TA,9000X9000,5000,1e-05
139,27800,36376.17223592647,21960.272862514154,0.0,13268.222908868218,No Loss,e^-(0d),FMC_TA,9000X9000,5000,1e-05
140,28000,36376.17223592647,21960.272862514154,0.0,13268.222908868218,No Loss,e^-(0d),FMC_TA,9000X9000,5000,1e-05
141,28200,36376.17223592647,21960.272862514154,0.0,13268.222908868218,No Loss,e^-(0d),FMC_TA,9000X9000,5000,1e-05
142,28400,36376.17223592647,21960.272862514154,0.0,13268.222908868218,No Loss,e^-(0d),FMC_TA,9000X9000,5000,1e-05
143,28600,36376.17223592647,21960.272862514154,0.0,13268.222908868218,No Loss,e^-(0d),FMC_TA,9000X9000,5000,1e-05
144,28800,36376.17223592647,21960.272862514154,0.0,13268.222908868218,No Loss,e^-(0d),FMC_TA,9000X9000,5000,1e-05
145,29000,36376.17223592647,21960.272862514154,0.0,13268.222908868218,No Loss,e^-(0d),FMC_TA,9000X9000,5000,1e-05
146,29200,36376.17223592647,21960.272862514154,0.0,13268.222908868218,No Loss,e^-(0d),FMC_TA,9000X9000,5000,1e-05
147,29400,36376.17223592647,21960.272862514154,0.0,13268.222908868218,No Loss,e^-(0d),FMC_TA,9000X9000,5000,1e-05
148,29600,36376.17223592647,21960.272862514154,0.0,13268.222908868218,No Loss,e^-(0d),FMC_TA,9000X9000,5000,1e-05
149,29800,36376.17223592647,21960.272862514154,0.0,13268.222908868218,No Loss,e^-(0d),FMC_TA,9000X9000,5000,1e-05
150,30000,36376.17223592647,21960.272862514154,0.0,13268.222908868218,No Loss,e^-(0d),FMC_TA,9000X9000,5000,1e-05
151,30200,36376.17223592647,21960.272862514154,0.0,13268.222908868218,No Loss,e^-(0d),FMC_TA,9000X9000,5000,1e-05
152,30400,42050.62326539516,26867.88983755887,0.0,15974.531552305354,No Loss,e^-(0d),FMC_TA,9000X9000,5000,1e-05
153,30600,42050.62326539516,26867.88983755887,0.0,15974.531552305354,No Loss,e^-(0d),FMC_TA,9000X9000,5000,1e-05
154,30800,42050.62326539516,26867.88983755887,0.0,15974.531552305354,No Loss,e^-(0d),FMC_TA,9000X9000,5000,1e-05
155,31000,44726.577233780394,30137.60373331364,0.0,17834.989577391847,No Loss,e^-(0d),FMC_TA,9000X9000,5000,1e-05
156,31200,44726.577233780394,30137.60373331364,0.0,17834.989577391847,No Loss,e^-(0d),FMC_TA,9000X9000,5000,1e-05
157,31400,44726.577233780394,30137.60373331364,0.0,17834.989577391847,No Loss,e^-(0d),FMC_TA,9000X9000,5000,1e-05
158,31600,56441.06359791833,31182.89296296916,0.0,17923.538947686757,No Loss,e^-(0d),FMC_TA,9000X9000,5000,1e-05
159,31800,56441.06359791833,31182.89296296916,0.0,17923.538947686757,No Loss,e^-(0d),FMC_TA,9000X9000,5000,1e-05
160,32000,56441.06359791833,31182.89296296916,0.0,17923.538947686757,No Loss,e^-(0d),FMC_TA,9000X9000,5000,1e-05
161,32200,56441.06359791833,31182.89296296916,0.0,17923.538947686757,No Loss,e^-(0d),FMC_TA,9000X9000,5000,1e-05
162,32400,56441.06359791833,31182.89296296916,0.0,17923.538947686757,No Loss,e^-(0d),FMC_TA,9000X9000,5000,1e-05
163,32600,56441.06359791833,31182.89296296916,0.0,17923.538947686757,No Loss,e^-(0d),FMC_TA,9000X9000,5000,1e-05
164,32800,58847.67841131501,32262.91262630217,0.0,18573.95365538095,No Loss,e^-(0d),FMC_TA,9000X9000,5000,1e-05
165,33000,58847.67841131501,32262.91262630217,0.0,18573.95365538095,No Loss,e^-(0d),FMC_TA,9000X9000,5000,1e-05
166,33200,58847.67841131501,32262.91262630217,0.0,18573.95365538095,No Loss,e^-(0d),FMC_TA,9000X9000,5000,1e-05
167,33400,58847.67841131501,32262.91262630217,0.0,18573.95365538095,No Loss,e^-(0d),FMC_TA,9000X9000,5000,1e-05
168,33600,58847.67841131501,32262.91262630217,0.0,18573.95365538095,No Loss,e^-(0d),FMC_TA,9000X9000,5000,1e-05
169,33800,58847.67841131501,32262.91262630217,0.0,18573.95365538095,No Loss,e^-(0d),FMC_TA,9000X9000,5000,1e-05
170,34000,58847.67841131501,32262.91262630217,0.0,18573.95365538095,No Loss,e^-(0d),FMC_TA,9000X9000,5000,1e-05
171,34200,58847.67841131501,32262.91262630217,0.0,18573.95365538095,No Loss,e^-(0d),FMC_TA,9000X9000,5000,1e-05
172,34400,58847.67841131501,32262.91262630217,0.0,18573.95365538095,No Loss,e^-(0d),FMC_TA,9000X9000,5000,1e-05
173,34600,61171.55506518265,33920.08167119525,0.0,19589.494240337874,No Loss,e^-(0d),FMC_TA,9000X9000,5000,1e-05
174,34800,61171.55506518265,33920.08167119525,0.0,19589.494240337874,No Loss,e^-(0d),FMC_TA,9000X9000,5000,1e-05
175,35000,61171.55506518265,33920.08167119525,0.0,19589.494240337874,No Loss,e^-(0d),FMC_TA,9000X9000,5000,1e-05
176,35200,61171.55506518265,33920.08167119525,0.0,19589.494240337874,No Loss,e^-(0d),FMC_TA,9000X9000,5000,1e-05
177,35400,61171.55506518265,33920.08167119525,0.0,19589.494240337874,No Loss,e^-(0d),FMC_TA,9000X9000,5000,1e-05
178,35600,61171.55506518265,33920.08167119525,0.0,19589.494240337874,No Loss,e^-(0d),FMC_TA,9000X9000,5000,1e-05
179,35800,68835.34049177481,43962.87994480722,0.0,25726.87695145328,No Loss,e^-(0d),FMC_TA,9000X9000,5000,1e-05
180,36000,71884.50964144798,45840.77833219582,0.0,26714.582359810527,No Loss,e^-(0d),FMC_TA,9000X9000,5000,1e-05
181,36200,71884.50964144798,45840.77833219582,0.0,26714.582359810527,No Loss,e^-(0d),FMC_TA,9000X9000,5000,1e-05
182,36400,71884.50964144798,45840.77833219582,0.0,26714.582359810527,No Loss,e^-(0d),FMC_TA,9000X9000,5000,1e-05
183,36600,71884.50964144798,45840.77833219582,0.0,26714.582359810527,No Loss,e^-(0d),FMC_TA,9000X9000,5000,1e-05
184,36800,71884.50964144798,45840.77833219582,0.0,26714.582359810527,No Loss,e^-(0d),FMC_TA,9000X9000,5000,1e-05
185,37000,73844.95138813872,47962.20095570684,0.0,28118.098484631228,No Loss,e^-(0d),FMC_TA,9000X9000,5000,1e-05
186,37200,73844.95138813872,47962.20095570684,0.0,28118.098484631228,No Loss,e^-(0d),FMC_TA,9000X9000,5000,1e-05
187,37400,73844.95138813872,47962.20095570684,0.0,28118.098484631228,No Loss,e^-(0d),FMC_TA,9000X9000,5000,1e-05
188,37600,77290.45391380403,50107.49023374598,0.0,29156.034934498464,No Loss,e^-(0d),FMC_TA,9000X9000,5000,1e-05
189,37800,77290.45391380403,50107.49023374598,0.0,29156.034934498464,No Loss,e^-(0d),FMC_TA,9000X9000,5000,1e-05
190,38000,77290.45391380403,50107.49023374598,0.0,29156.034934498464,No Loss,e^-(0d),FMC_TA,9000X9000,5000,1e-05
191,38200,86428.29028547824,52940.75578832113,0.0,29569.11892015041,No Loss,e^-(0d),FMC_TA,9000X9000,5000,1e-05
192,38400,86428.29028547824,52940.75578832113,0.0,29569.11892015041,No Loss,e^-(0d),FMC_TA,9000X9000,5000,1e-05
193,38600,86428.29028547824,52940.75578832113,0.0,29569.11892015041,No Loss,e^-(0d),FMC_TA,9000X9000,5000,1e-05
194,38800,89050.29142116499,53874.33392701889,0.0,30106.395969015288,No Loss,e^-(0d),FMC_TA,9000X9000,5000,1e-05
195,39000,89050.29142116499,53874.33392701889,0.0,30106.395969015288,No Loss,e^-(0d),FMC_TA,9000X9000,5000,1e-05
196,39200,89050.29142116499,53874.33392701889,0.0,30106.395969015288,No Loss,e^-(0d),FMC_TA,9000X9000,5000,1e-05
197,39400,89050.29142116499,53874.33392701889,0.0,30106.395969015288,No Loss,e^-(0d),FMC_TA,9000X9000,5000,1e-05
198,39600,89050.29142116499,53874.33392701889,0.0,30106.395969015288,No Loss,e^-(0d),FMC_TA,9000X9000,5000,1e-05
199,39800,89050.29142116499,53874.33392701889,0.0,30106.395969015288,No Loss,e^-(0d),FMC_TA,9000X9000,5000,1e-05
200,40000,89050.29142116499,53874.33392701889,0.0,30106.395969015288,No Loss,e^-(0d),FMC_TA,9000X9000,5000,1e-05
201,40200,89050.29142116499,53874.33392701889,0.0,30106.395969015288,No Loss,e^-(0d),FMC_TA,9000X9000,5000,1e-05
202,40400,89050.29142116499,53874.33392701889,0.0,30106.395969015288,No Loss,e^-(0d),FMC_TA,9000X9000,5000,1e-05
203,40600,89050.29142116499,53874.33392701889,0.0,30106.395969015288,No Loss,e^-(0d),FMC_TA,9000X9000,5000,1e-05
204,40800,89050.29142116499,53874.33392701889,0.0,30106.395969015288,No Loss,e^-(0d),FMC_TA,9000X9000,5000,1e-05
205,41000,89050.29142116499,53874.33392701889,0.0,30106.395969015288,No Loss,e^-(0d),FMC_TA,9000X9000,5000,1e-05
206,41200,91066.05960632136,55847.06431732395,0.0,31396.41093160921,No Loss,e^-(0d),FMC_TA,9000X9000,5000,1e-05
207,41400,91066.05960632136,55847.06431732395,0.0,31396.41093160921,No Loss,e^-(0d),FMC_TA,9000X9000,5000,1e-05
208,41600,91066.05960632136,55847.06431732395,0.0,31396.41093160921,No Loss,e^-(0d),FMC_TA,9000X9000,5000,1e-05
209,41800,94451.06247622731,58526.58430343705,0.0,32709.452656454945,No Loss,e^-(0d),FMC_TA,9000X9000,5000,1e-05
210,42000,94451.06247622731,58526.58430343705,0.0,32709.452656454945,No Loss,e^-(0d),FMC_TA,9000X9000,5000,1e-05
211,42200,94451.06247622731,58526.58430343705,0.0,32709.452656454945,No Loss,e^-(0d),FMC_TA,9000X9000,5000,1e-05
212,42400,94451.06247622731,58526.58430343705,0.0,32709.452656454945,No Loss,e^-(0d),FMC_TA,9000X9000,5000,1e-05
213,42600,94451.06247622731,58526.58430343705,0.0,32709.452656454945,No Loss,e^-(0d),FMC_TA,9000X9000,5000,1e-05
214,42800,94451.06247622731,58526.58430343705,0.0,32709.452656454945,No Loss,e^-(0d),FMC_TA,9000X9000,5000,1e-05
215,43000,94451.06247622731,58526.58430343705,0.0,32709.452656454945,No Loss,e^-(0d),FMC_TA,9000X9000,5000,1e-05
216,43200,94451.06247622731,58526.58430343705,0.0,32709.452656454945,No Loss,e^-(0d),FMC_TA,9000X9000,5000,1e-05
217,43400,101335.00826946081,61347.384062265264,0.0,34061.65788960997,No Loss,e^-(0d),FMC_TA,9000X9000,5000,1e-05
218,43600,101335.00826946081,61347.384062265264,0.0,34061.65788960997,No Loss,e^-(0d),FMC_TA,9000X9000,5000,1e-05
219,43800,101335.00826946081,61347.384062265264,0.0,34061.65788960997,No Loss,e^-(0d),FMC_TA,9000X9000,5000,1e-05
220,44000,103168.04108082749,62715.366211643704,0.0,34991.331422811985,No Loss,e^-(0d),FMC_TA,9000X9000,5000,1e-05
221,44200,103168.04108082749,62715.366211643704,0.0,34991.331422811985,No Loss,e^-(0d),FMC_TA,9000X9000,5000,1e-05
222,44400,103168.04108082749,62715.366211643704,0.0,34991.331422811985,No Loss,e^-(0d),FMC_TA,9000X9000,5000,1e-05
223,44600,103168.04108082749,62715.366211643704,0.0,34991.331422811985,No Loss,e^-(0d),FMC_TA,9000X9000,5000,1e-05
224,44800,105181.82970593877,63957.15912728812,0.0,35803.70791909126,No Loss,e^-(0d),FMC_TA,9000X9000,5000,1e-05
225,45000,116669.84965038451,65027.73880058613,0.0,35898.83256759148,No Loss,e^-(0d),FMC_TA,9000X9000,5000,1e-05
226,45200,116669.84965038451,65027.73880058613,0.0,35898.83256759148,No Loss,e^-(0d),FMC_TA,9000X9000,5000,1e-05
227,45400,116669.84965038451,65027.73880058613,0.0,35898.83256759148,No Loss,e^-(0d),FMC_TA,9000X9000,5000,1e-05
228,45600,116669.84965038451,65027.73880058613,0.0,35898.83256759148,No Loss,e^-(0d),FMC_TA,9000X9000,5000,1e-05
229,45800,116669.84965038451,65027.73880058613,0.0,35898.83256759148,No Loss,e^-(0d),FMC_TA,9000X9000,5000,1e-05
230,46000,116669.84965038451,65027.73880058613,0.0,35898.83256759148,No Loss,e^-(0d),FMC_TA,9000X9000,5000,1e-05
231,46200,116669.84965038451,65027.73880058613,0.0,35898.83256759148,No Loss,e^-(0d),FMC_TA,9000X9000,5000,1e-05
232,46400,116669.84965038451,65027.73880058613,0.0,35898.83256759148,No Loss,e^-(0d),FMC_TA,9000X9000,5000,1e-05
233,46600,116669.84965038451,65027.73880058613,0.0,35898.83256759148,No Loss,e^-(0d),FMC_TA,9000X9000,5000,1e-05
234,46800,116669.84965038451,65027.73880058613,0.0,35898.83256759148,No Loss,e^-(0d),FMC_TA,9000X9000,5000,1e-05
235,47000,116669.84965038451,65027.73880058613,0.0,35898.83256759148,No Loss,e^-(0d),FMC_TA,9000X9000,5000,1e-05
236,47200,116669.84965038451,65027.73880058613,0.0,35898.83256759148,No Loss,e^-(0d),FMC_TA,9000X9000,5000,1e-05
237,47400,116669.84965038451,65027.73880058613,0.0,35898.83256759148,No Loss,e^-(0d),FMC_TA,9000X9000,5000,1e-05
238,47600,122157.42942958801,68197.43954804566,0.0,37677.13703797852,No Loss,e^-(0d),FMC_TA,9000X9000,5000,1e-05
239,47800,122157.42942958801,68197.43954804566,0.0,37677.13703797852,No Loss,e^-(0d),FMC_TA,9000X9000,5000,1e-05
240,48000,122157.42942958801,68197.43954804566,0.0,37677.13703797852,No Loss,e^-(0d),FMC_TA,9000X9000,5000,1e-05
241,48200,122157.42942958801,68197.43954804566,0.0,37677.13703797852,No Loss,e^-(0d),FMC_TA,9000X9000,5000,1e-05
242,48400,122157.42942958801,68197.43954804566,0.0,37677.13703797852,No Loss,e^-(0d),FMC_TA,9000X9000,5000,1e-05
243,48600,122157.42942958801,68197.43954804566,0.0,37677.13703797852,No Loss,e^-(0d),FMC_TA,9000X9000,5000,1e-05
244,48800,122157.42942958801,68197.43954804566,0.0,37677.13703797852,No Loss,e^-(0d),FMC_TA,9000X9000,5000,1e-05
245,49000,122157.42942958801,68197.43954804566,0.0,37677.13703797852,No Loss,e^-(0d),FMC_TA,9000X9000,5000,1e-05
246,49200,122157.42942958801,68197.43954804566,0.0,37677.13703797852,No Loss,e^-(0d),FMC_TA,9000X9000,5000,1e-05
247,49400,122157.42942958801,68197.43954804566,0.0,37677.13703797852,No Loss,e^-(0d),FMC_TA,9000X9000,5000,1e-05
248,49600,122157.42942958801,68197.43954804566,0.0,37677.13703797852,No Loss,e^-(0d),FMC_TA,9000X9000,5000,1e-05
249,49800,122157.42942958801,68197.43954804566,0.0,37677.13703797852,No Loss,e^-(0d),FMC_TA,9000X9000,5000,1e-05
250,50000,122157.42942958801,68197.43954804566,0.0,37677.13703797852,No Loss,e^-(0d),FMC_TA,9000X9000,5000,1e-05
251,50200,122157.42942958801,68197.43954804566,0.0,37677.13703797852,No Loss,e^-(0d),FMC_TA,9000X9000,5000,1e-05
252,50400,122157.42942958801,68197.43954804566,0.0,37677.13703797852,No Loss,e^-(0d),FMC_TA,9000X9000,5000,1e-05
253,50600,122157.42942958801,68197.43954804566,0.0,37677.13703797852,No Loss,e^-(0d),FMC_TA,9000X9000,5000,1e-05
254,50800,122157.42942958801,68197.43954804566,0.0,37677.13703797852,No Loss,e^-(0d),FMC_TA,9000X9000,5000,1e-05
255,51000,122157.42942958801,68197.43954804566,0.0,37677.13703797852,No Loss,e^-(0d),FMC_TA,9000X9000,5000,1e-05
256,51200,122157.42942958801,68197.43954804566,0.0,37677.13703797852,No Loss,e^-(0d),FMC_TA,9000X9000,5000,1e-05
257,51400,122157.42942958801,68197.43954804566,0.0,37677.13703797852,No Loss,e^-(0d),FMC_TA,9000X9000,5000,1e-05
258,51600,126201.58582803476,69578.46439498293,0.0,38266.11710331797,No Loss,e^-(0d),FMC_TA,9000X9000,5000,1e-05
259,51800,126201.58582803476,69578.46439498293,0.0,38266.11710331797,No Loss,e^-(0d),FMC_TA,9000X9000,5000,1e-05
260,52000,145733.45165264572,70922.84014857936,0.0,38288.04830046694,No Loss,e^-(0d),FMC_TA,9000X9000,5000,1e-05
261,52200,145733.45165264572,70922.84014857936,0.0,38288.04830046694,No Loss,e^-(0d),FMC_TA,9000X9000,5000,1e-05
262,52400,145733.45165264572,70922.84014857936,0.0,38288.04830046694,No Loss,e^-(0d),FMC_TA,9000X9000,5000,1e-05
263,52600,145733.45165264572,70922.84014857936,0.0,38288.04830046694,No Loss,e^-(0d),FMC_TA,9000X9000,5000,1e-05
264,52800,145733.45165264572,70922.84014857936,0.0,38288.04830046694,No Loss,e^-(0d),FMC_TA,9000X9000,5000,1e-05
265,53000,145733.45165264572,70922.84014857936,0.0,38288.04830046694,No Loss,e^-(0d),FMC_TA,9000X9000,5000,1e-05
266,53200,145733.45165264572,70922.84014857936,0.0,38288.04830046694,No Loss,e^-(0d),FMC_TA,9000X9000,5000,1e-05
267,53400,145733.45165264572,70922.84014857936,0.0,38288.04830046694,No Loss,e^-(0d),FMC_TA,9000X9000,5000,1e-05
268,53600,145733.45165264572,70922.84014857936,0.0,38288.04830046694,No Loss,e^-(0d),FMC_TA,9000X9000,5000,1e-05
269,53800,165904.8856960808,72627.74665831114,0.0,38312.35422601814,No Loss,e^-(0d),FMC_TA,9000X9000,5000,1e-05
270,54000,165904.8856960808,72627.74665831114,0.0,38312.35422601814,No Loss,e^-(0d),FMC_TA,9000X9000,5000,1e-05
271,54200,165904.8856960808,72627.74665831114,0.0,38312.35422601814,No Loss,e^-(0d),FMC_TA,9000X9000,5000,1e-05
272,54400,165904.8856960808,72627.74665831114,0.0,38312.35422601814,No Loss,e^-(0d),FMC_TA,9000X9000,5000,1e-05
273,54600,165904.8856960808,72627.74665831114,0.0,38312.35422601814,No Loss,e^-(0d),FMC_TA,9000X9000,5000,1e-05
274,54800,165904.8856960808,72627.74665831114,0.0,38312.35422601814,No Loss,e^-(0d),FMC_TA,9000X9000,5000,1e-05
275,55000,170236.52796220762,74546.73917673464,0.0,39082.659943473634,No Loss,e^-(0d),FMC_TA,9000X9000,5000,1e-05
276,55200,170236.52796220762,74546.73917673464,0.0,39082.659943473634,No Loss,e^-(0d),FMC_TA,9000X9000,5000,1e-05
277,55400,170236.52796220762,74546.73917673464,0.0,39082.659943473634,No Loss,e^-(0d),FMC_TA,9000X9000,5000,1e-05
278,55600,170236.52796220762,74546.73917673464,0.0,39082.659943473634,No Loss,e^-(0d),FMC_TA,9000X9000,5000,1e-05
279,55800,170236.52796220762,74546.73917673464,0.0,39082.659943473634,No Loss,e^-(0d),FMC_TA,9000X9000,5000,1e-05
280,56000,170236.52796220762,74546.73917673464,0.0,39082.659943473634,No Loss,e^-(0d),FMC_TA,9000X9000,5000,1e-05
281,56200,170236.52796220762,74546.73917673464,0.0,39082.659943473634,No Loss,e^-(0d),FMC_TA,9000X9000,5000,1e-05
282,56400,170236.52796220762,74546.73917673464,0.0,39082.659943473634,No Loss,e^-(0d),FMC_TA,9000X9000,5000,1e-05
283,56600,170236.52796220762,74546.73917673464,0.0,39082.659943473634,No Loss,e^-(0d),FMC_TA,9000X9000,5000,1e-05
284,56800,173098.14619760995,76890.81750275932,0.0,40365.25978079859,No Loss,e^-(0d),FMC_TA,9000X9000,5000,1e-05
285,57000,173098.14619760995,76890.81750275932,0.0,40365.25978079859,No Loss,e^-(0d),FMC_TA,9000X9000,5000,1e-05
286,57200,173098.14619760995,76890.81750275932,0.0,40365.25978079859,No Loss,e^-(0d),FMC_TA,9000X9000,5000,1e-05
287,57400,175304.34728528175,79209.38549955764,0.0,41821.78961961118,No Loss,e^-(0d),FMC_TA,9000X9000,5000,1e-05
288,57600,175304.34728528175,79209.38549955764,0.0,41821.78961961118,No Loss,e^-(0d),FMC_TA,9000X9000,5000,1e-05
289,57800,175304.34728528175,79209.38549955764,0.0,41821.78961961118,No Loss,e^-(0d),FMC_TA,9000X9000,5000,1e-05
290,58000,175304.34728528175,79209.38549955764,0.0,41821.78961961118,No Loss,e^-(0d),FMC_TA,9000X9000,5000,1e-05
291,58200,175304.34728528175,79209.38549955764,0.0,41821.78961961118,No Loss,e^-(0d),FMC_TA,9000X9000,5000,1e-05
292,58400,175304.34728528175,79209.38549955764,0.0,41821.78961961118,No Loss,e^-(0d),FMC_TA,9000X9000,5000,1e-05
293,58600,175304.34728528175,79209.38549955764,0.0,41821.78961961118,No Loss,e^-(0d),FMC_TA,9000X9000,5000,1e-05
294,58800,175304.34728528175,79209.38549955764,0.0,41821.78961961118,No Loss,e^-(0d),FMC_TA,9000X9000,5000,1e-05
295,59000,175304.34728528175,79209.38549955764,0.0,41821.78961961118,No Loss,e^-(0d),FMC_TA,9000X9000,5000,1e-05
296,59200,175304.34728528175,79209.38549955764,0.0,41821.78961961118,No Loss,e^-(0d),FMC_TA,9000X9000,5000,1e-05
297,59400,175304.34728528175,79209.38549955764,0.0,41821.78961961118,No Loss,e^-(0d),FMC_TA,9000X9000,5000,1e-05
298,59600,175304.34728528175,79209.38549955764,0.0,41821.78961961118,No Loss,e^-(0d),FMC_TA,9000X9000,5000,1e-05
299,59800,175304.34728528175,79209.38549955764,0.0,41821.78961961118,No Loss,e^-(0d),FMC_TA,9000X9000,5000,1e-05
300,60000,175304.34728528175,79209.38549955764,0.0,41821.78961961118,No Loss,e^-(0d),FMC_TA,9000X9000,5000,1e-05
301,60200,175304.34728528175,79209.38549955764,0.0,41821.78961961118,No Loss,e^-(0d),FMC_TA,9000X9000,5000,1e-05
302,60400,175304.34728528175,79209.38549955764,0.0,41821.78961961118,No Loss,e^-(0d),FMC_TA,9000X9000,5000,1e-05
303,60600,191834.4476992871,81020.90386010625,0.0,41877.41729514662,No Loss,e^-(0d),FMC_TA,9000X9000,5000,1e-05
304,60800,191834.4476992871,81020.90386010625,0.0,41877.41729514662,No Loss,e^-(0d),FMC_TA,9000X9000,5000,1e-05
305,61000,191834.4476992871,81020.90386010625,0.0,41877.41729514662,No Loss,e^-(0d),FMC_TA,9000X9000,5000,1e-05
306,61200,191834.4476992871,81020.90386010625,0.0,41877.41729514662,No Loss,e^-(0d),FMC_TA,9000X9000,5000,1e-05
307,61400,191834.4476992871,81020.90386010625,0.0,41877.41729514662,No Loss,e^-(0d),FMC_TA,9000X9000,5000,1e-05
308,61600,191834.4476992871,81020.90386010625,0.0,41877.41729514662,No Loss,e^-(0d),FMC_TA,9000X9000,5000,1e-05
309,61800,210284.90611447854,82793.10402121587,0.0,41913.726724052925,No Loss,e^-(0d),FMC_TA,9000X9000,5000,1e-05
310,62000,210284.90611447854,82793.10402121587,0.0,41913.726724052925,No Loss,e^-(0d),FMC_TA,9000X9000,5000,1e-05
311,62200,210284.90611447854,82793.10402121587,0.0,41913.726724052925,No Loss,e^-(0d),FMC_TA,9000X9000,5000,1e-05
312,62400,210284.90611447854,82793.10402121587,0.0,41913.726724052925,No Loss,e^-(0d),FMC_TA,9000X9000,5000,1e-05
313,62600,210284.90611447854,82793.10402121587,0.0,41913.726724052925,No Loss,e^-(0d),FMC_TA,9000X9000,5000,1e-05
314,62800,210284.90611447854,82793.10402121587,0.0,41913.726724052925,No Loss,e^-(0d),FMC_TA,9000X9000,5000,1e-05
315,63000,210284.90611447854,82793.10402121587,0.0,41913.726724052925,No Loss,e^-(0d),FMC_TA,9000X9000,5000,1e-05
316,63200,210284.90611447854,82793.10402121587,0.0,41913.726724052925,No Loss,e^-(0d),FMC_TA,9000X9000,5000,1e-05
317,63400,210284.90611447854,82793.10402121587,0.0,41913.726724052925,No Loss,e^-(0d),FMC_TA,9000X9000,5000,1e-05
318,63600,210284.90611447854,82793.10402121587,0.0,41913.726724052925,No Loss,e^-(0d),FMC_TA,9000X9000,5000,1e-05
319,63800,210284.90611447854,82793.10402121587,0.0,41913.726724052925,No Loss,e^-(0d),FMC_TA,9000X9000,5000,1e-05
320,64000,210284.90611447854,82793.10402121587,0.0,41913.726724052925,No Loss,e^-(0d),FMC_TA,9000X9000,5000,1e-05
321,64200,210284.90611447854,82793.10402121587,0.0,41913.726724052925,No Loss,e^-(0d),FMC_TA,9000X9000,5000,1e-05
322,64400,210284.90611447854,82793.10402121587,0.0,41913.726724052925,No Loss,e^-(0d),FMC_TA,9000X9000,5000,1e-05
323,64600,210284.90611447854,82793.10402121587,0.0,41913.726724052925,No Loss,e^-(0d),FMC_TA,9000X9000,5000,1e-05
324,64800,210284.90611447854,82793.10402121587,0.0,41913.726724052925,No Loss,e^-(0d),FMC_TA,9000X9000,5000,1e-05
325,65000,210284.90611447854,82793.10402121587,0.0,41913.726724052925,No Loss,e^-(0d),FMC_TA,9000X9000,5000,1e-05
326,65200,210284.90611447854,82793.10402121587,0.0,41913.726724052925,No Loss,e^-(0d),FMC_TA,9000X9000,5000,1e-05
327,65400,210284.90611447854,82793.10402121587,0.0,41913.726724052925,No Loss,e^-(0d),FMC_TA,9000X9000,5000,1e-05
328,65600,245488.05461615746,89750.52950434005,0.0,42291.13225971104,No Loss,e^-(0d),FMC_TA,9000X9000,5000,1e-05
329,65800,245488.05461615746,89750.52950434005,0.0,42291.13225971104,No Loss,e^-(0d),FMC_TA,9000X9000,5000,1e-05
330,66000,245488.05461615746,89750.52950434005,0.0,42291.13225971104,No Loss,e^-(0d),FMC_TA,9000X9000,5000,1e-05
331,66200,245488.05461615746,89750.52950434005,0.0,42291.13225971104,No Loss,e^-(0d),FMC_TA,9000X9000,5000,1e-05
332,66400,245488.05461615746,89750.52950434005,0.0,42291.13225971104,No Loss,e^-(0d),FMC_TA,9000X9000,5000,1e-05
333,66600,245488.05461615746,89750.52950434005,0.0,42291.13225971104,No Loss,e^-(0d),FMC_TA,9000X9000,5000,1e-05
334,66800,245488.05461615746,89750.52950434005,0.0,42291.13225971104,No Loss,e^-(0d),FMC_TA,9000X9000,5000,1e-05
335,67000,245488.05461615746,89750.52950434005,0.0,42291.13225971104,No Loss,e^-(0d),FMC_TA,9000X9000,5000,1e-05
336,67200,245488.05461615746,89750.52950434005,0.0,42291.13225971104,No Loss,e^-(0d),FMC_TA,9000X9000,5000,1e-05
337,67400,245488.05461615746,89750.52950434005,0.0,42291.13225971104,No Loss,e^-(0d),FMC_TA,9000X9000,5000,1e-05
338,67600,245488.05461615746,89750.52950434005,0.0,42291.13225971104,No Loss,e^-(0d),FMC_TA,9000X9000,5000,1e-05
339,67800,245488.05461615746,89750.52950434005,0.0,42291.13225971104,No Loss,e^-(0d),FMC_TA,9000X9000,5000,1e-05
340,68000,245488.05461615746,89750.52950434005,0.0,42291.13225971104,No Loss,e^-(0d),FMC_TA,9000X9000,5000,1e-05
341,68200,245488.05461615746,89750.52950434005,0.0,42291.13225971104,No Loss,e^-(0d),FMC_TA,9000X9000,5000,1e-05
342,68400,245488.05461615746,89750.52950434005,0.0,42291.13225971104,No Loss,e^-(0d),FMC_TA,9000X9000,5000,1e-05
343,68600,245488.05461615746,89750.52950434005,0.0,42291.13225971104,No Loss,e^-(0d),FMC_TA,9000X9000,5000,1e-05
344,68800,245488.05461615746,89750.52950434005,0.0,42291.13225971104,No Loss,e^-(0d),FMC_TA,9000X9000,5000,1e-05
345,69000,245488.05461615746,89750.52950434005,0.0,42291.13225971104,No Loss,e^-(0d),FMC_TA,9000X9000,5000,1e-05
346,69200,245488.05461615746,89750.52950434005,0.0,42291.13225971104,No Loss,e^-(0d),FMC_TA,9000X9000,5000,1e-05
347,69400,245488.05461615746,89750.52950434005,0.0,42291.13225971104,No Loss,e^-(0d),FMC_TA,9000X9000,5000,1e-05
348,69600,245488.05461615746,89750.52950434005,0.0,42291.13225971104,No Loss,e^-(0d),FMC_TA,9000X9000,5000,1e-05
349,69800,245488.05461615746,89750.52950434005,0.0,42291.13225971104,No Loss,e^-(0d),FMC_TA,9000X9000,5000,1e-05
350,70000,245488.05461615746,89750.52950434005,0.0,42291.13225971104,No Loss,e^-(0d),FMC_TA,9000X9000,5000,1e-05
351,70200,245488.05461615746,89750.52950434005,0.0,42291.13225971104,No Loss,e^-(0d),FMC_TA,9000X9000,5000,1e-05
352,70400,245488.05461615746,89750.52950434005,0.0,42291.13225971104,No Loss,e^-(0d),FMC_TA,9000X9000,5000,1e-05
353,70600,245488.05461615746,89750.52950434005,0.0,42291.13225971104,No Loss,e^-(0d),FMC_TA,9000X9000,5000,1e-05
354,70800,245488.05461615746,89750.52950434005,0.0,42291.13225971104,No Loss,e^-(0d),FMC_TA,9000X9000,5000,1e-05
355,71000,245488.05461615746,89750.52950434005,0.0,42291.13225971104,No Loss,e^-(0d),FMC_TA,9000X9000,5000,1e-05
356,71200,249061.331017824,91707.62537326803,0.0,43212.86237616165,No Loss,e^-(0d),FMC_TA,9000X9000,5000,1e-05
357,71400,278405.09782828414,93541.72784237177,0.0,43216.647057596536,No Loss,e^-(0d),FMC_TA,9000X9000,5000,1e-05
358,71600,278405.09782828414,93541.72784237177,0.0,43216.647057596536,No Loss,e^-(0d),FMC_TA,9000X9000,5000,1e-05
359,71800,278405.09782828414,93541.72784237177,0.0,43216.647057596536,No Loss,e^-(0d),FMC_TA,9000X9000,5000,1e-05
360,72000,278405.09782828414,93541.72784237177,0.0,43216.647057596536,No Loss,e^-(0d),FMC_TA,9000X9000,5000,1e-05
361,72200,278405.09782828414,93541.72784237177,0.0,43216.647057596536,No Loss,e^-(0d),FMC_TA,9000X9000,5000,1e-05
362,72400,278405.09782828414,93541.72784237177,0.0,43216.647057596536,No Loss,e^-(0d),FMC_TA,9000X9000,5000,1e-05
363,72600,278405.09782828414,93541.72784237177,0.0,43216.647057596536,No Loss,e^-(0d),FMC_TA,9000X9000,5000,1e-05
364,72800,278405.09782828414,93541.72784237177,0.0,43216.647057596536,No Loss,e^-(0d),FMC_TA,9000X9000,5000,1e-05
365,73000,286048.85093837,96314.13983665373,0.0,43770.43034811618,No Loss,e^-(0d),FMC_TA,9000X9000,5000,1e-05
366,73200,309235.4800056572,100680.79283966476,0.0,43803.40838205596,No Loss,e^-(0d),FMC_TA,9000X9000,5000,1e-05
367,73400,309235.4800056572,100680.79283966476,0.0,43803.40838205596,No Loss,e^-(0d),FMC_TA,9000X9000,5000,1e-05
368,73600,309235.4800056572,100680.79283966476,0.0,43803.40838205596,No Loss,e^-(0d),FMC_TA,9000X9000,5000,1e-05
369,73800,309235.4800056572,100680.79283966476,0.0,43803.40838205596,No Loss,e^-(0d),FMC_TA,9000X9000,5000,1e-05
370,74000,309235.4800056572,100680.79283966476,0.0,43803.40838205596,No Loss,e^-(0d),FMC_TA,9000X9000,5000,1e-05
371,74200,309235.4800056572,100680.79283966476,0.0,43803.40838205596,No Loss,e^-(0d),FMC_TA,9000X9000,5000,1e-05
372,74400,309235.4800056572,100680.79283966476,0.0,43803.40838205596,No Loss,e^-(0d),FMC_TA,9000X9000,5000,1e-05
373,74600,309235.4800056572,100680.79283966476,0.0,43803.40838205596,No Loss,e^-(0d),FMC_TA,9000X9000,5000,1e-05
374,74800,309235.4800056572,100680.79283966476,0.0,43803.40838205596,No Loss,e^-(0d),FMC_TA,9000X9000,5000,1e-05
375,75000,309235.4800056572,100680.79283966476,0.0,43803.40838205596,No Loss,e^-(0d),FMC_TA,9000X9000,5000,1e-05
376,75200,309235.4800056572,100680.79283966476,0.0,43803.40838205596,No Loss,e^-(0d),FMC_TA,9000X9000,5000,1e-05
377,75400,309235.4800056572,100680.79283966476,0.0,43803.40838205596,No Loss,e^-(0d),FMC_TA,9000X9000,5000,1e-05
378,75600,309235.4800056572,100680.79283966476,0.0,43803.40838205596,No Loss,e^-(0d),FMC_TA,9000X9000,5000,1e-05
379,75800,309235.4800056572,100680.79283966476,0.0,43803.40838205596,No Loss,e^-(0d),FMC_TA,9000X9000,5000,1e-05
380,76000,309235.4800056572,100680.79283966476,0.0,43803.40838205596,No Loss,e^-(0d),FMC_TA,9000X9000,5000,1e-05
381,76200,309235.4800056572,100680.79283966476,0.0,43803.40838205596,No Loss,e^-(0d),FMC_TA,9000X9000,5000,1e-05
382,76400,309235.4800056572,100680.79283966476,0.0,43803.40838205596,No Loss,e^-(0d),FMC_TA,9000X9000,5000,1e-05
383,76600,309235.4800056572,100680.79283966476,0.0,43803.40838205596,No Loss,e^-(0d),FMC_TA,9000X9000,5000,1e-05
384,76800,309235.4800056572,100680.79283966476,0.0,43803.40838205596,No Loss,e^-(0d),FMC_TA,9000X9000,5000,1e-05
385,77000,309235.4800056572,100680.79283966476,0.0,43803.40838205596,No Loss,e^-(0d),FMC_TA,9000X9000,5000,1e-05
386,77200,309235.4800056572,100680.79283966476,0.0,43803.40838205596,No Loss,e^-(0d),FMC_TA,9000X9000,5000,1e-05
387,77400,309235.4800056572,100680.79283966476,0.0,43803.40838205596,No Loss,e^-(0d),FMC_TA,9000X9000,5000,1e-05
388,77600,320046.068278503,103397.77675050937,0.0,44081.86419273552,No Loss,e^-(0d),FMC_TA,9000X9000,5000,1e-05
389,77800,320046.068278503,103397.77675050937,0.0,44081.86419273552,No Loss,e^-(0d),FMC_TA,9000X9000,5000,1e-05
390,78000,320046.068278503,103397.77675050937,0.0,44081.86419273552,No Loss,e^-(0d),FMC_TA,9000X9000,5000,1e-05
391,78200,320046.068278503,103397.77675050937,0.0,44081.86419273552,No Loss,e^-(0d),FMC_TA,9000X9000,5000,1e-05
392,78400,320046.068278503,103397.77675050937,0.0,44081.86419273552,No Loss,e^-(0d),FMC_TA,9000X9000,5000,1e-05
393,78600,320046.068278503,103397.77675050937,0.0,44081.86419273552,No Loss,e^-(0d),FMC_TA,9000X9000,5000,1e-05
394,78800,320046.068278503,103397.77675050937,0.0,44081.86419273552,No Loss,e^-(0d),FMC_TA,9000X9000,5000,1e-05
395,79000,320046.068278503,103397.77675050937,0.0,44081.86419273552,No Loss,e^-(0d),FMC_TA,9000X9000,5000,1e-05
396,79200,320046.068278503,103397.77675050937,0.0,44081.86419273552,No Loss,e^-(0d),FMC_TA,9000X9000,5000,1e-05
397,79400,328527.54174658505,106137.12948469284,0.0,44540.498009486684,No Loss,e^-(0d),FMC_TA,9000X9000,5000,1e-05
398,79600,328527.54174658505,106137.12948469284,0.0,44540.498009486684,No Loss,e^-(0d),FMC_TA,9000X9000,5000,1e-05
399,79800,328527.54174658505,106137.12948469284,0.0,44540.498009486684,No Loss,e^-(0d),FMC_TA,9000X9000,5000,1e-05
400,80000,328527.54174658505,106137.12948469284,0.0,44540.498009486684,No Loss,e^-(0d),FMC_TA,9000X9000,5000,1e-05
401,80200,328527.54174658505,106137.12948469284,0.0,44540.498009486684,No Loss,e^-(0d),FMC_TA,9000X9000,5000,1e-05
402,80400,328527.54174658505,106137.12948469284,0.0,44540.498009486684,No Loss,e^-(0d),FMC_TA,9000X9000,5000,1e-05
403,80600,328527.54174658505,106137.12948469284,0.0,44540.498009486684,No Loss,e^-(0d),FMC_TA,9000X9000,5000,1e-05
404,80800,328527.54174658505,106137.12948469284,0.0,44540.498009486684,No Loss,e^-(0d),FMC_TA,9000X9000,5000,1e-05
405,81000,328527.54174658505,106137.12948469284,0.0,44540.498009486684,No Loss,e^-(0d),FMC_TA,9000X9000,5000,1e-05
406,81200,328527.54174658505,106137.12948469284,0.0,44540.498009486684,No Loss,e^-(0d),FMC_TA,9000X9000,5000,1e-05
407,81400,328527.54174658505,106137.12948469284,0.0,44540.498009486684,No Loss,e^-(0d),FMC_TA,9000X9000,5000,1e-05
408,81600,328527.54174658505,106137.12948469284,0.0,44540.498009486684,No Loss,e^-(0d),FMC_TA,9000X9000,5000,1e-05
409,81800,328527.54174658505,106137.12948469284,0.0,44540.498009486684,No Loss,e^-(0d),FMC_TA,9000X9000,5000,1e-05
410,82000,328527.54174658505,106137.12948469284,0.0,44540.498009486684,No Loss,e^-(0d),FMC_TA,9000X9000,5000,1e-05
411,82200,328527.54174658505,106137.12948469284,0.0,44540.498009486684,No Loss,e^-(0d),FMC_TA,9000X9000,5000,1e-05
412,82400,328527.54174658505,106137.12948469284,0.0,44540.498009486684,No Loss,e^-(0d),FMC_TA,9000X9000,5000,1e-05
413,82600,328527.54174658505,106137.12948469284,0.0,44540.498009486684,No Loss,e^-(0d),FMC_TA,9000X9000,5000,1e-05
414,82800,328527.54174658505,106137.12948469284,0.0,44540.498009486684,No Loss,e^-(0d),FMC_TA,9000X9000,5000,1e-05
415,83000,328527.54174658505,106137.12948469284,0.0,44540.498009486684,No Loss,e^-(0d),FMC_TA,9000X9000,5000,1e-05
416,83200,328527.54174658505,106137.12948469284,0.0,44540.498009486684,No Loss,e^-(0d),FMC_TA,9000X9000,5000,1e-05
417,83400,328527.54174658505,106137.12948469284,0.0,44540.498009486684,No Loss,e^-(0d),FMC_TA,9000X9000,5000,1e-05
418,83600,328527.54174658505,106137.12948469284,0.0,44540.498009486684,No Loss,e^-(0d),FMC_TA,9000X9000,5000,1e-05
419,83800,328527.54174658505,106137.12948469284,0.0,44540.498009486684,No Loss,e^-(0d),FMC_TA,9000X9000,5000,1e-05
420,84000,328527.54174658505,106137.12948469284,0.0,44540.498009486684,No Loss,e^-(0d),FMC_TA,9000X9000,5000,1e-05
421,84200,328527.54174658505,106137.12948469284,0.0,44540.498009486684,No Loss,e^-(0d),FMC_TA,9000X9000,5000,1e-05
422,84400,328527.54174658505,106137.12948469284,0.0,44540.498009486684,No Loss,e^-(0d),FMC_TA,9000X9000,5000,1e-05
423,84600,347337.5046646872,109329.12020086238,0.0,44601.12530817127,No Loss,e^-(0d),FMC_TA,9000X9000,5000,1e-05
424,84800,347337.5046646872,109329.12020086238,0.0,44601.12530817127,No Loss,e^-(0d),FMC_TA,9000X9000,5000,1e-05
425,85000,347337.5046646872,109329.12020086238,0.0,44601.12530817127,No Loss,e^-(0d),FMC_TA,9000X9000,5000,1e-05
426,85200,347337.5046646872,109329.12020086238,0.0,44601.12530817127,No Loss,e^-(0d),FMC_TA,9000X9000,5000,1e-05
427,85400,349741.9830449212,109862.89032600746,0.0,44922.71970197893,No Loss,e^-(0d),FMC_TA,9000X9000,5000,1e-05
428,85600,349741.9830449212,109862.89032600746,0.0,44922.71970197893,No Loss,e^-(0d),FMC_TA,9000X9000,5000,1e-05
429,85800,349741.9830449212,109862.89032600746,0.0,44922.71970197893,No Loss,e^-(0d),FMC_TA,9000X9000,5000,1e-05
430,86000,363344.60654691316,114019.18059219787,0.0,45159.23652519898,No Loss,e^-(0d),FMC_TA,9000X9000,5000,1e-05
431,86200,363344.60654691316,114019.18059219787,0.0,45159.23652519898,No Loss,e^-(0d),FMC_TA,9000X9000,5000,1e-05
432,86400,363344.60654691316,114019.18059219787,0.0,45159.23652519898,No Loss,e^-(0d),FMC_TA,9000X9000,5000,1e-05
433,86600,363344.60654691316,114019.18059219787,0.0,45159.23652519898,No Loss,e^-(0d),FMC_TA,9000X9000,5000,1e-05
434,86800,363344.60654691316,114019.18059219787,0.0,45159.23652519898,No Loss,e^-(0d),FMC_TA,9000X9000,5000,1e-05
435,87000,363344.60654691316,114019.18059219787,0.0,45159.23652519898,No Loss,e^-(0d),FMC_TA,9000X9000,5000,1e-05
436,87200,363344.60654691316,114019.18059219787,0.0,45159.23652519898,No Loss,e^-(0d),FMC_TA,9000X9000,5000,1e-05
437,87400,363344.60654691316,114019.18059219787,0.0,45159.23652519898,No Loss,e^-(0d),FMC_TA,9000X9000,5000,1e-05
438,87600,363344.60654691316,114019.18059219787,0.0,45159.23652519898,No Loss,e^-(0d),FMC_TA,9000X9000,5000,1e-05
439,87800,363344.60654691316,114019.18059219787,0.0,45159.23652519898,No Loss,e^-(0d),FMC_TA,9000X9000,5000,1e-05
440,88000,363344.60654691316,114019.18059219787,0.0,45159.23652519898,No Loss,e^-(0d),FMC_TA,9000X9000,5000,1e-05
441,88200,363344.60654691316,114019.18059219787,0.0,45159.23652519898,No Loss,e^-(0d),FMC_TA,9000X9000,5000,1e-05
442,88400,363344.60654691316,114019.18059219787,0.0,45159.23652519898,No Loss,e^-(0d),FMC_TA,9000X9000,5000,1e-05
443,88600,363344.60654691316,114019.18059219787,0.0,45159.23652519898,No Loss,e^-(0d),FMC_TA,9000X9000,5000,1e-05
444,88800,363344.60654691316,114019.18059219787,0.0,45159.23652519898,No Loss,e^-(0d),FMC_TA,9000X9000,5000,1e-05
445,89000,363344.60654691316,114019.18059219787,0.0,45159.23652519898,No Loss,e^-(0d),FMC_TA,9000X9000,5000,1e-05
446,89200,363344.60654691316,114019.18059219787,0.0,45159.23652519898,No Loss,e^-(0d),FMC_TA,9000X9000,5000,1e-05
447,89400,363344.60654691316,114019.18059219787,0.0,45159.23652519898,No Loss,e^-(0d),FMC_TA,9000X9000,5000,1e-05
448,89600,363344.60654691316,114019.18059219787,0.0,45159.23652519898,No Loss,e^-(0d),FMC_TA,9000X9000,5000,1e-05
449,89800,397400.913949042,116204.33535638155,0.0,45160.90692285713,No Loss,e^-(0d),FMC_TA,9000X9000,5000,1e-05
450,90000,397400.913949042,116204.33535638155,0.0,45160.90692285713,No Loss,e^-(0d),FMC_TA,9000X9000,5000,1e-05
451,90200,397400.913949042,116204.33535638155,0.0,45160.90692285713,No Loss,e^-(0d),FMC_TA,9000X9000,5000,1e-05
452,90400,397400.913949042,116204.33535638155,0.0,45160.90692285713,No Loss,e^-(0d),FMC_TA,9000X9000,5000,1e-05
453,90600,397400.913949042,116204.33535638155,0.0,45160.90692285713,No Loss,e^-(0d),FMC_TA,9000X9000,5000,1e-05
454,90800,397400.913949042,116204.33535638155,0.0,45160.90692285713,No Loss,e^-(0d),FMC_TA,9000X9000,5000,1e-05
455,91000,397400.913949042,116204.33535638155,0.0,45160.90692285713,No Loss,e^-(0d),FMC_TA,9000X9000,5000,1e-05
456,91200,397400.913949042,116204.33535638155,0.0,45160.90692285713,No Loss,e^-(0d),FMC_TA,9000X9000,5000,1e-05
457,91400,397400.913949042,116204.33535638155,0.0,45160.90692285713,No Loss,e^-(0d),FMC_TA,9000X9000,5000,1e-05
458,91600,397400.913949042,116204.33535638155,0.0,45160.90692285713,No Loss,e^-(0d),FMC_TA,9000X9000,5000,1e-05
459,91800,397400.913949042,116204.33535638155,0.0,45160.90692285713,No Loss,e^-(0d),FMC_TA,9000X9000,5000,1e-05
460,92000,397400.913949042,116204.33535638155,0.0,45160.90692285713,No Loss,e^-(0d),FMC_TA,9000X9000,5000,1e-05
461,92200,397400.913949042,116204.33535638155,0.0,45160.90692285713,No Loss,e^-(0d),FMC_TA,9000X9000,5000,1e-05
462,92400,397400.913949042,116204.33535638155,0.0,45160.90692285713,No Loss,e^-(0d),FMC_TA,9000X9000,5000,1e-05
463,92600,397400.913949042,116204.33535638155,0.0,45160.90692285713,No Loss,e^-(0d),FMC_TA,9000X9000,5000,1e-05
464,92800,397400.913949042,116204.33535638155,0.0,45160.90692285713,No Loss,e^-(0d),FMC_TA,9000X9000,5000,1e-05
465,93000,397400.913949042,116204.33535638155,0.0,45160.90692285713,No Loss,e^-(0d),FMC_TA,9000X9000,5000,1e-05
466,93200,397400.913949042,116204.33535638155,0.0,45160.90692285713,No Loss,e^-(0d),FMC_TA,9000X9000,5000,1e-05
467,93400,397400.913949042,116204.33535638155,0.0,45160.90692285713,No Loss,e^-(0d),FMC_TA,9000X9000,5000,1e-05
468,93600,397400.913949042,116204.33535638155,0.0,45160.90692285713,No Loss,e^-(0d),FMC_TA,9000X9000,5000,1e-05
469,93800,397400.913949042,116204.33535638155,0.0,45160.90692285713,No Loss,e^-(0d),FMC_TA,9000X9000,5000,1e-05
470,94000,397400.913949042,116204.33535638155,0.0,45160.90692285713,No Loss,e^-(0d),FMC_TA,9000X9000,5000,1e-05
471,94200,429387.93346303096,119414.53701666801,0.0,45164.70217669465,No Loss,e^-(0d),FMC_TA,9000X9000,5000,1e-05
472,94400,429387.93346303096,119414.53701666801,0.0,45164.70217669465,No Loss,e^-(0d),FMC_TA,9000X9000,5000,1e-05
473,94600,429387.93346303096,119414.53701666801,0.0,45164.70217669465,No Loss,e^-(0d),FMC_TA,9000X9000,5000,1e-05
474,94800,429387.93346303096,119414.53701666801,0.0,45164.70217669465,No Loss,e^-(0d),FMC_TA,9000X9000,5000,1e-05
475,95000,429387.93346303096,119414.53701666801,0.0,45164.70217669465,No Loss,e^-(0d),FMC_TA,9000X9000,5000,1e-05
476,95200,429387.93346303096,119414.53701666801,0.0,45164.70217669465,No Loss,e^-(0d),FMC_TA,9000X9000,5000,1e-05
477,95400,429387.93346303096,119414.53701666801,0.0,45164.70217669465,No Loss,e^-(0d),FMC_TA,9000X9000,5000,1e-05
478,95600,429387.93346303096,119414.53701666801,0.0,45164.70217669465,No Loss,e^-(0d),FMC_TA,9000X9000,5000,1e-05
479,95800,429387.93346303096,119414.53701666801,0.0,45164.70217669465,No Loss,e^-(0d),FMC_TA,9000X9000,5000,1e-05
480,96000,429387.93346303096,119414.53701666801,0.0,45164.70217669465,No Loss,e^-(0d),FMC_TA,9000X9000,5000,1e-05
481,96200,429387.93346303096,119414.53701666801,0.0,45164.70217669465,No Loss,e^-(0d),FMC_TA,9000X9000,5000,1e-05
482,96400,429387.93346303096,119414.53701666801,0.0,45164.70217669465,No Loss,e^-(0d),FMC_TA,9000X9000,5000,1e-05
483,96600,429387.93346303096,119414.53701666801,0.0,45164.70217669465,No Loss,e^-(0d),FMC_TA,9000X9000,5000,1e-05
484,96800,429387.93346303096,119414.53701666801,0.0,45164.70217669465,No Loss,e^-(0d),FMC_TA,9000X9000,5000,1e-05
485,97000,429387.93346303096,119414.53701666801,0.0,45164.70217669465,No Loss,e^-(0d),FMC_TA,9000X9000,5000,1e-05
486,97200,429387.93346303096,119414.53701666801,0.0,45164.70217669465,No Loss,e^-(0d),FMC_TA,9000X9000,5000,1e-05
487,97400,429387.93346303096,119414.53701666801,0.0,45164.70217669465,No Loss,e^-(0d),FMC_TA,9000X9000,5000,1e-05
488,97600,429387.93346303096,119414.53701666801,0.0,45164.70217669465,No Loss,e^-(0d),FMC_TA,9000X9000,5000,1e-05
489,97800,429387.93346303096,119414.53701666801,0.0,45164.70217669465,No Loss,e^-(0d),FMC_TA,9000X9000,5000,1e-05
490,98000,429387.93346303096,119414.53701666801,0.0,45164.70217669465,No Loss,e^-(0d),FMC_TA,9000X9000,5000,1e-05
491,98200,429387.93346303096,119414.53701666801,0.0,45164.70217669465,No Loss,e^-(0d),FMC_TA,9000X9000,5000,1e-05
492,98400,429387.93346303096,119414.53701666801,0.0,45164.70217669465,No Loss,e^-(0d),FMC_TA,9000X9000,5000,1e-05
493,98600,429387.93346303096,119414.53701666801,0.0,45164.70217669465,No Loss,e^-(0d),FMC_TA,9000X9000,5000,1e-05
494,98800,429387.93346303096,119414.53701666801,0.0,45164.70217669465,No Loss,e^-(0d),FMC_TA,9000X9000,5000,1e-05
495,99000,429387.93346303096,119414.53701666801,0.0,45164.70217669465,No Loss,e^-(0d),FMC_TA,9000X9000,5000,1e-05
496,99200,429387.93346303096,119414.53701666801,0.0,45164.70217669465,No Loss,e^-(0d),FMC_TA,9000X9000,5000,1e-05
497,99400,429387.93346303096,119414.53701666801,0.0,45164.70217669465,No Loss,e^-(0d),FMC_TA,9000X9000,5000,1e-05
498,99600,429387.93346303096,119414.53701666801,0.0,45164.70217669465,No Loss,e^-(0d),FMC_TA,9000X9000,5000,1e-05
499,99800,429387.93346303096,119414.53701666801,0.0,45164.70217669465,No Loss,e^-(0d),FMC_TA,9000X9000,5000,1e-05
500,100000,429387.93346303096,119414.53701666801,0.0,45164.70217669465,No Loss,e^-(0d),FMC_TA,9000X9000,5000,1e-05
501,100200,429387.93346303096,119414.53701666801,0.0,45164.70217669465,No Loss,e^-(0d),FMC_TA,9000X9000,5000,1e-05
502,100400,429387.93346303096,119414.53701666801,0.0,45164.70217669465,No Loss,e^-(0d),FMC_TA,9000X9000,5000,1e-05
503,100600,429387.93346303096,119414.53701666801,0.0,45164.70217669465,No Loss,e^-(0d),FMC_TA,9000X9000,5000,1e-05
504,100800,429387.93346303096,119414.53701666801,0.0,45164.70217669465,No Loss,e^-(0d),FMC_TA,9000X9000,5000,1e-05
505,101000,429387.93346303096,119414.53701666801,0.0,45164.70217669465,No Loss,e^-(0d),FMC_TA,9000X9000,5000,1e-05
506,101200,429387.93346303096,119414.53701666801,0.0,45164.70217669465,No Loss,e^-(0d),FMC_TA,9000X9000,5000,1e-05
507,101400,429387.93346303096,119414.53701666801,0.0,45164.70217669465,No Loss,e^-(0d),FMC_TA,9000X9000,5000,1e-05
508,101600,429387.93346303096,119414.53701666801,0.0,45164.70217669465,No Loss,e^-(0d),FMC_TA,9000X9000,5000,1e-05
509,101800,429387.93346303096,119414.53701666801,0.0,45164.70217669465,No Loss,e^-(0d),FMC_TA,9000X9000,5000,1e-05
510,102000,429387.93346303096,119414.53701666801,0.0,45164.70217669465,No Loss,e^-(0d),FMC_TA,9000X9000,5000,1e-05
511,102200,461823.37646316004,122154.16010362215,0.0,45167.64905270663,No Loss,e^-(0d),FMC_TA,9000X9000,5000,1e-05
512,102400,461823.37646316004,122154.16010362215,0.0,45167.64905270663,No Loss,e^-(0d),FMC_TA,9000X9000,5000,1e-05
513,102600,461823.37646316004,122154.16010362215,0.0,45167.64905270663,No Loss,e^-(0d),FMC_TA,9000X9000,5000,1e-05
514,102800,461823.37646316004,122154.16010362215,0.0,45167.64905270663,No Loss,e^-(0d),FMC_TA,9000X9000,5000,1e-05
515,103000,461823.37646316004,122154.16010362215,0.0,45167.64905270663,No Loss,e^-(0d),FMC_TA,9000X9000,5000,1e-05
516,103200,461823.37646316004,122154.16010362215,0.0,45167.64905270663,No Loss,e^-(0d),FMC_TA,9000X9000,5000,1e-05
517,103400,461823.37646316004,122154.16010362215,0.0,45167.64905270663,No Loss,e^-(0d),FMC_TA,9000X9000,5000,1e-05
518,103600,461823.37646316004,122154.16010362215,0.0,45167.64905270663,No Loss,e^-(0d),FMC_TA,9000X9000,5000,1e-05
519,103800,461823.37646316004,122154.16010362215,0.0,45167.64905270663,No Loss,e^-(0d),FMC_TA,9000X9000,5000,1e-05
520,104000,510963.1559394695,122724.36860444225,0.0,45167.667208185,No Loss,e^-(0d),FMC_TA,9000X9000,5000,1e-05
521,104200,510963.1559394695,122724.36860444225,0.0,45167.667208185,No Loss,e^-(0d),FMC_TA,9000X9000,5000,1e-05
522,104400,510963.1559394695,122724.36860444225,0.0,45167.667208185,No Loss,e^-(0d),FMC_TA,9000X9000,5000,1e-05
523,104600,510963.1559394695,122724.36860444225,0.0,45167.667208185,No Loss,e^-(0d),FMC_TA,9000X9000,5000,1e-05
524,104800,510963.1559394695,122724.36860444225,0.0,45167.667208185,No Loss,e^-(0d),FMC_TA,9000X9000,5000,1e-05
525,105000,510963.1559394695,122724.36860444225,0.0,45167.667208185,No Loss,e^-(0d),FMC_TA,9000X9000,5000,1e-05
526,105200,510963.1559394695,122724.36860444225,0.0,45167.667208185,No Loss,e^-(0d),FMC_TA,9000X9000,5000,1e-05
527,105400,510963.1559394695,122724.36860444225,0.0,45167.667208185,No Loss,e^-(0d),FMC_TA,9000X9000,5000,1e-05
528,105600,510963.1559394695,122724.36860444225,0.0,45167.667208185,No Loss,e^-(0d),FMC_TA,9000X9000,5000,1e-05
529,105800,510963.1559394695,122724.36860444225,0.0,45167.667208185,No Loss,e^-(0d),FMC_TA,9000X9000,5000,1e-05
530,106000,510963.1559394695,122724.36860444225,0.0,45167.667208185,No Loss,e^-(0d),FMC_TA,9000X9000,5000,1e-05
531,106200,510963.1559394695,122724.36860444225,0.0,45167.667208185,No Loss,e^-(0d),FMC_TA,9000X9000,5000,1e-05
532,106400,510963.1559394695,122724.36860444225,0.0,45167.667208185,No Loss,e^-(0d),FMC_TA,9000X9000,5000,1e-05
533,106600,510963.1559394695,122724.36860444225,0.0,45167.667208185,No Loss,e^-(0d),FMC_TA,9000X9000,5000,1e-05
534,106800,510963.1559394695,122724.36860444225,0.0,45167.667208185,No Loss,e^-(0d),FMC_TA,9000X9000,5000,1e-05
535,107000,510963.1559394695,122724.36860444225,0.0,45167.667208185,No Loss,e^-(0d),FMC_TA,9000X9000,5000,1e-05
536,107200,510963.1559394695,122724.36860444225,0.0,45167.667208185,No Loss,e^-(0d),FMC_TA,9000X9000,5000,1e-05
537,107400,510963.1559394695,122724.36860444225,0.0,45167.667208185,No Loss,e^-(0d),FMC_TA,9000X9000,5000,1e-05
538,107600,510963.1559394695,122724.36860444225,0.0,45167.667208185,No Loss,e^-(0d),FMC_TA,9000X9000,5000,1e-05
539,107800,510963.1559394695,122724.36860444225,0.0,45167.667208185,No Loss,e^-(0d),FMC_TA,9000X9000,5000,1e-05
540,108000,510963.1559394695,122724.36860444225,0.0,45167.667208185,No Loss,e^-(0d),FMC_TA,9000X9000,5000,1e-05
541,108200,510963.1559394695,122724.36860444225,0.0,45167.667208185,No Loss,e^-(0d),FMC_TA,9000X9000,5000,1e-05
542,108400,510963.1559394695,122724.36860444225,0.0,45167.667208185,No Loss,e^-(0d),FMC_TA,9000X9000,5000,1e-05
543,108600,510963.1559394695,122724.36860444225,0.0,45167.667208185,No Loss,e^-(0d),FMC_TA,9000X9000,5000,1e-05
544,108800,510963.1559394695,122724.36860444225,0.0,45167.667208185,No Loss,e^-(0d),FMC_TA,9000X9000,5000,1e-05
545,109000,510963.1559394695,122724.36860444225,0.0,45167.667208185,No Loss,e^-(0d),FMC_TA,9000X9000,5000,1e-05
546,109200,510963.1559394695,122724.36860444225,0.0,45167.667208185,No Loss,e^-(0d),FMC_TA,9000X9000,5000,1e-05
547,109400,510963.1559394695,122724.36860444225,0.0,45167.667208185,No Loss,e^-(0d),FMC_TA,9000X9000,5000,1e-05
548,109600,510963.1559394695,122724.36860444225,0.0,45167.667208185,No Loss,e^-(0d),FMC_TA,9000X9000,5000,1e-05
549,109800,510963.1559394695,122724.36860444225,0.0,45167.667208185,No Loss,e^-(0d),FMC_TA,9000X9000,5000,1e-05
550,110000,510963.1559394695,122724.36860444225,0.0,45167.667208185,No Loss,e^-(0d),FMC_TA,9000X9000,5000,1e-05
551,110200,510963.1559394695,122724.36860444225,0.0,45167.667208185,No Loss,e^-(0d),FMC_TA,9000X9000,5000,1e-05
552,110400,510963.1559394695,122724.36860444225,0.0,45167.667208185,No Loss,e^-(0d),FMC_TA,9000X9000,5000,1e-05
553,110600,510963.1559394695,122724.36860444225,0.0,45167.667208185,No Loss,e^-(0d),FMC_TA,9000X9000,5000,1e-05
554,110800,510963.1559394695,122724.36860444225,0.0,45167.667208185,No Loss,e^-(0d),FMC_TA,9000X9000,5000,1e-05
555,111000,510963.1559394695,122724.36860444225,0.0,45167.667208185,No Loss,e^-(0d),FMC_TA,9000X9000,5000,1e-05
556,111200,510963.1559394695,122724.36860444225,0.0,45167.667208185,No Loss,e^-(0d),FMC_TA,9000X9000,5000,1e-05
557,111400,510963.1559394695,122724.36860444225,0.0,45167.667208185,No Loss,e^-(0d),FMC_TA,9000X9000,5000,1e-05
558,111600,510963.1559394695,122724.36860444225,0.0,45167.667208185,No Loss,e^-(0d),FMC_TA,9000X9000,5000,1e-05
559,111800,510963.1559394695,122724.36860444225,0.0,45167.667208185,No Loss,e^-(0d),FMC_TA,9000X9000,5000,1e-05
560,112000,510963.1559394695,122724.36860444225,0.0,45167.667208185,No Loss,e^-(0d),FMC_TA,9000X9000,5000,1e-05
561,112200,510963.1559394695,122724.36860444225,0.0,45167.667208185,No Loss,e^-(0d),FMC_TA,9000X9000,5000,1e-05
562,112400,510963.1559394695,122724.36860444225,0.0,45167.667208185,No Loss,e^-(0d),FMC_TA,9000X9000,5000,1e-05
563,112600,510963.1559394695,122724.36860444225,0.0,45167.667208185,No Loss,e^-(0d),FMC_TA,9000X9000,5000,1e-05
564,112800,510963.1559394695,122724.36860444225,0.0,45167.667208185,No Loss,e^-(0d),FMC_TA,9000X9000,5000,1e-05
565,113000,510963.1559394695,122724.36860444225,0.0,45167.667208185,No Loss,e^-(0d),FMC_TA,9000X9000,5000,1e-05
566,113200,510963.1559394695,122724.36860444225,0.0,45167.667208185,No Loss,e^-(0d),FMC_TA,9000X9000,5000,1e-05
567,113400,510963.1559394695,122724.36860444225,0.0,45167.667208185,No Loss,e^-(0d),FMC_TA,9000X9000,5000,1e-05
568,113600,510963.1559394695,122724.36860444225,0.0,45167.667208185,No Loss,e^-(0d),FMC_TA,9000X9000,5000,1e-05
569,113800,510963.1559394695,122724.36860444225,0.0,45167.667208185,No Loss,e^-(0d),FMC_TA,9000X9000,5000,1e-05
570,114000,510963.1559394695,122724.36860444225,0.0,45167.667208185,No Loss,e^-(0d),FMC_TA,9000X9000,5000,1e-05
571,114200,510963.1559394695,122724.36860444225,0.0,45167.667208185,No Loss,e^-(0d),FMC_TA,9000X9000,5000,1e-05
572,114400,510963.1559394695,122724.36860444225,0.0,45167.667208185,No Loss,e^-(0d),FMC_TA,9000X9000,5000,1e-05
573,114600,510963.1559394695,122724.36860444225,0.0,45167.667208185,No Loss,e^-(0d),FMC_TA,9000X9000,5000,1e-05
574,114800,510963.1559394695,122724.36860444225,0.0,45167.667208185,No Loss,e^-(0d),FMC_TA,9000X9000,5000,1e-05
575,115000,510963.1559394695,122724.36860444225,0.0,45167.667208185,No Loss,e^-(0d),FMC_TA,9000X9000,5000,1e-05
576,115200,510963.1559394695,122724.36860444225,0.0,45167.667208185,No Loss,e^-(0d),FMC_TA,9000X9000,5000,1e-05
577,115400,510963.1559394695,122724.36860444225,0.0,45167.667208185,No Loss,e^-(0d),FMC_TA,9000X9000,5000,1e-05
578,115600,510963.1559394695,122724.36860444225,0.0,45167.667208185,No Loss,e^-(0d),FMC_TA,9000X9000,5000,1e-05
579,115800,510963.1559394695,122724.36860444225,0.0,45167.667208185,No Loss,e^-(0d),FMC_TA,9000X9000,5000,1e-05
580,116000,510963.1559394695,122724.36860444225,0.0,45167.667208185,No Loss,e^-(0d),FMC_TA,9000X9000,5000,1e-05
581,116200,510963.1559394695,122724.36860444225,0.0,45167.667208185,No Loss,e^-(0d),FMC_TA,9000X9000,5000,1e-05
582,116400,510963.1559394695,122724.36860444225,0.0,45167.667208185,No Loss,e^-(0d),FMC_TA,9000X9000,5000,1e-05
583,116600,510963.1559394695,122724.36860444225,0.0,45167.667208185,No Loss,e^-(0d),FMC_TA,9000X9000,5000,1e-05
584,116800,510963.1559394695,122724.36860444225,0.0,45167.667208185,No Loss,e^-(0d),FMC_TA,9000X9000,5000,1e-05
585,117000,510963.1559394695,122724.36860444225,0.0,45167.667208185,No Loss,e^-(0d),FMC_TA,9000X9000,5000,1e-05
586,117200,510963.1559394695,122724.36860444225,0.0,45167.667208185,No Loss,e^-(0d),FMC_TA,9000X9000,5000,1e-05
587,117400,510963.1559394695,122724.36860444225,0.0,45167.667208185,No Loss,e^-(0d),FMC_TA,9000X9000,5000,1e-05
588,117600,510963.1559394695,122724.36860444225,0.0,45167.667208185,No Loss,e^-(0d),FMC_TA,9000X9000,5000,1e-05
589,117800,510963.1559394695,122724.36860444225,0.0,45167.667208185,No Loss,e^-(0d),FMC_TA,9000X9000,5000,1e-05
590,118000,510963.1559394695,122724.36860444225,0.0,45167.667208185,No Loss,e^-(0d),FMC_TA,9000X9000,5000,1e-05
591,118200,510963.1559394695,122724.36860444225,0.0,45167.667208185,No Loss,e^-(0d),FMC_TA,9000X9000,5000,1e-05
592,118400,510963.1559394695,122724.36860444225,0.0,45167.667208185,No Loss,e^-(0d),FMC_TA,9000X9000,5000,1e-05
593,118600,510963.1559394695,122724.36860444225,0.0,45167.667208185,No Loss,e^-(0d),FMC_TA,9000X9000,5000,1e-05
594,118800,510963.1559394695,122724.36860444225,0.0,45167.667208185,No Loss,e^-(0d),FMC_TA,9000X9000,5000,1e-05
595,119000,510963.1559394695,122724.36860444225,0.0,45167.667208185,No Loss,e^-(0d),FMC_TA,9000X9000,5000,1e-05
596,119200,510963.1559394695,122724.36860444225,0.0,45167.667208185,No Loss,e^-(0d),FMC_TA,9000X9000,5000,1e-05
597,119400,510963.1559394695,122724.36860444225,0.0,45167.667208185,No Loss,e^-(0d),FMC_TA,9000X9000,5000,1e-05
598,119600,510963.1559394695,122724.36860444225,0.0,45167.667208185,No Loss,e^-(0d),FMC_TA,9000X9000,5000,1e-05
599,119800,510963.1559394695,122724.36860444225,0.0,45167.667208185,No Loss,e^-(0d),FMC_TA,9000X9000,5000,1e-05
600,120000,510963.1559394695,122724.36860444225,0.0,45167.667208185,No Loss,e^-(0d),FMC_TA,9000X9000,5000,1e-05
601,120200,510963.1559394695,122724.36860444225,0.0,45167.667208185,No Loss,e^-(0d),FMC_TA,9000X9000,5000,1e-05
602,120400,510963.1559394695,122724.36860444225,0.0,45167.667208185,No Loss,e^-(0d),FMC_TA,9000X9000,5000,1e-05
603,120600,510963.1559394695,122724.36860444225,0.0,45167.667208185,No Loss,e^-(0d),FMC_TA,9000X9000,5000,1e-05
604,120800,510963.1559394695,122724.36860444225,0.0,45167.667208185,No Loss,e^-(0d),FMC_TA,9000X9000,5000,1e-05
605,121000,510963.1559394695,122724.36860444225,0.0,45167.667208185,No Loss,e^-(0d),FMC_TA,9000X9000,5000,1e-05
606,121200,510963.1559394695,122724.36860444225,0.0,45167.667208185,No Loss,e^-(0d),FMC_TA,9000X9000,5000,1e-05
607,121400,510963.1559394695,122724.36860444225,0.0,45167.667208185,No Loss,e^-(0d),FMC_TA,9000X9000,5000,1e-05
608,121600,510963.1559394695,122724.36860444225,0.0,45167.667208185,No Loss,e^-(0d),FMC_TA,9000X9000,5000,1e-05
609,121800,510963.1559394695,122724.36860444225,0.0,45167.667208185,No Loss,e^-(0d),FMC_TA,9000X9000,5000,1e-05
610,122000,510963.1559394695,122724.36860444225,0.0,45167.667208185,No Loss,e^-(0d),FMC_TA,9000X9000,5000,1e-05
611,122200,510963.1559394695,122724.36860444225,0.0,45167.667208185,No Loss,e^-(0d),FMC_TA,9000X9000,5000,1e-05
612,122400,510963.1559394695,122724.36860444225,0.0,45167.667208185,No Loss,e^-(0d),FMC_TA,9000X9000,5000,1e-05
613,122600,510963.1559394695,122724.36860444225,0.0,45167.667208185,No Loss,e^-(0d),FMC_TA,9000X9000,5000,1e-05
614,122800,510963.1559394695,122724.36860444225,0.0,45167.667208185,No Loss,e^-(0d),FMC_TA,9000X9000,5000,1e-05
615,123000,510963.1559394695,122724.36860444225,0.0,45167.667208185,No Loss,e^-(0d),FMC_TA,9000X9000,5000,1e-05
616,123200,510963.1559394695,122724.36860444225,0.0,45167.667208185,No Loss,e^-(0d),FMC_TA,9000X9000,5000,1e-05
617,123400,510963.1559394695,122724.36860444225,0.0,45167.667208185,No Loss,e^-(0d),FMC_TA,9000X9000,5000,1e-05
618,123600,510963.1559394695,122724.36860444225,0.0,45167.667208185,No Loss,e^-(0d),FMC_TA,9000X9000,5000,1e-05
619,123800,510963.1559394695,122724.36860444225,0.0,45167.667208185,No Loss,e^-(0d),FMC_TA,9000X9000,5000,1e-05
620,124000,510963.1559394695,122724.36860444225,0.0,45167.667208185,No Loss,e^-(0d),FMC_TA,9000X9000,5000,1e-05
621,124200,510963.1559394695,122724.36860444225,0.0,45167.667208185,No Loss,e^-(0d),FMC_TA,9000X9000,5000,1e-05
622,124400,510963.1559394695,122724.36860444225,0.0,45167.667208185,No Loss,e^-(0d),FMC_TA,9000X9000,5000,1e-05
623,124600,510963.1559394695,122724.36860444225,0.0,45167.667208185,No Loss,e^-(0d),FMC_TA,9000X9000,5000,1e-05
624,124800,510963.1559394695,122724.36860444225,0.0,45167.667208185,No Loss,e^-(0d),FMC_TA,9000X9000,5000,1e-05
625,125000,510963.1559394695,122724.36860444225,0.0,45167.667208185,No Loss,e^-(0d),FMC_TA,9000X9000,5000,1e-05
626,125200,510963.1559394695,122724.36860444225,0.0,45167.667208185,No Loss,e^-(0d),FMC_TA,9000X9000,5000,1e-05
627,125400,510963.1559394695,122724.36860444225,0.0,45167.667208185,No Loss,e^-(0d),FMC_TA,9000X9000,5000,1e-05
628,125600,510963.1559394695,122724.36860444225,0.0,45167.667208185,No Loss,e^-(0d),FMC_TA,9000X9000,5000,1e-05
629,125800,510963.1559394695,122724.36860444225,0.0,45167.667208185,No Loss,e^-(0d),FMC_TA,9000X9000,5000,1e-05
630,126000,510963.1559394695,122724.36860444225,0.0,45167.667208185,No Loss,e^-(0d),FMC_TA,9000X9000,5000,1e-05
631,126200,510963.1559394695,122724.36860444225,0.0,45167.667208185,No Loss,e^-(0d),FMC_TA,9000X9000,5000,1e-05
632,126400,510963.1559394695,122724.36860444225,0.0,45167.667208185,No Loss,e^-(0d),FMC_TA,9000X9000,5000,1e-05
633,126600,510963.1559394695,122724.36860444225,0.0,45167.667208185,No Loss,e^-(0d),FMC_TA,9000X9000,5000,1e-05
634,126800,510963.1559394695,122724.36860444225,0.0,45167.667208185,No Loss,e^-(0d),FMC_TA,9000X9000,5000,1e-05
635,127000,510963.1559394695,122724.36860444225,0.0,45167.667208185,No Loss,e^-(0d),FMC_TA,9000X9000,5000,1e-05
636,127200,510963.1559394695,122724.36860444225,0.0,45167.667208185,No Loss,e^-(0d),FMC_TA,9000X9000,5000,1e-05
637,127400,510963.1559394695,122724.36860444225,0.0,45167.667208185,No Loss,e^-(0d),FMC_TA,9000X9000,5000,1e-05
638,127600,510963.1559394695,122724.36860444225,0.0,45167.667208185,No Loss,e^-(0d),FMC_TA,9000X9000,5000,1e-05
639,127800,510963.1559394695,122724.36860444225,0.0,45167.667208185,No Loss,e^-(0d),FMC_TA,9000X9000,5000,1e-05
640,128000,510963.1559394695,122724.36860444225,0.0,45167.667208185,No Loss,e^-(0d),FMC_TA,9000X9000,5000,1e-05
641,128200,510963.1559394695,122724.36860444225,0.0,45167.667208185,No Loss,e^-(0d),FMC_TA,9000X9000,5000,1e-05
642,128400,510963.1559394695,122724.36860444225,0.0,45167.667208185,No Loss,e^-(0d),FMC_TA,9000X9000,5000,1e-05
643,128600,510963.1559394695,122724.36860444225,0.0,45167.667208185,No Loss,e^-(0d),FMC_TA,9000X9000,5000,1e-05
644,128800,510963.1559394695,122724.36860444225,0.0,45167.667208185,No Loss,e^-(0d),FMC_TA,9000X9000,5000,1e-05
645,129000,510963.1559394695,122724.36860444225,0.0,45167.667208185,No Loss,e^-(0d),FMC_TA,9000X9000,5000,1e-05
646,129200,510963.1559394695,122724.36860444225,0.0,45167.667208185,No Loss,e^-(0d),FMC_TA,9000X9000,5000,1e-05
647,129400,510963.1559394695,122724.36860444225,0.0,45167.667208185,No Loss,e^-(0d),FMC_TA,9000X9000,5000,1e-05
648,129600,510963.1559394695,122724.36860444225,0.0,45167.667208185,No Loss,e^-(0d),FMC_TA,9000X9000,5000,1e-05
649,129800,510963.1559394695,122724.36860444225,0.0,45167.667208185,No Loss,e^-(0d),FMC_TA,9000X9000,5000,1e-05
650,130000,510963.1559394695,122724.36860444225,0.0,45167.667208185,No Loss,e^-(0d),FMC_TA,9000X9000,5000,1e-05
651,130200,510963.1559394695,122724.36860444225,0.0,45167.667208185,No Loss,e^-(0d),FMC_TA,9000X9000,5000,1e-05
652,130400,510963.1559394695,122724.36860444225,0.0,45167.667208185,No Loss,e^-(0d),FMC_TA,9000X9000,5000,1e-05
653,130600,510963.1559394695,122724.36860444225,0.0,45167.667208185,No Loss,e^-(0d),FMC_TA,9000X9000,5000,1e-05
654,130800,510963.1559394695,122724.36860444225,0.0,45167.667208185,No Loss,e^-(0d),FMC_TA,9000X9000,5000,1e-05
655,131000,510963.1559394695,122724.36860444225,0.0,45167.667208185,No Loss,e^-(0d),FMC_TA,9000X9000,5000,1e-05
656,131200,510963.1559394695,122724.36860444225,0.0,45167.667208185,No Loss,e^-(0d),FMC_TA,9000X9000,5000,1e-05
657,131400,510963.1559394695,122724.36860444225,0.0,45167.667208185,No Loss,e^-(0d),FMC_TA,9000X9000,5000,1e-05
658,131600,510963.1559394695,122724.36860444225,0.0,45167.667208185,No Loss,e^-(0d),FMC_TA,9000X9000,5000,1e-05
659,131800,510963.1559394695,122724.36860444225,0.0,45167.667208185,No Loss,e^-(0d),FMC_TA,9000X9000,5000,1e-05
660,132000,510963.1559394695,122724.36860444225,0.0,45167.667208185,No Loss,e^-(0d),FMC_TA,9000X9000,5000,1e-05
661,132200,510963.1559394695,122724.36860444225,0.0,45167.667208185,No Loss,e^-(0d),FMC_TA,9000X9000,5000,1e-05
662,132400,510963.1559394695,122724.36860444225,0.0,45167.667208185,No Loss,e^-(0d),FMC_TA,9000X9000,5000,1e-05
663,132600,510963.1559394695,122724.36860444225,0.0,45167.667208185,No Loss,e^-(0d),FMC_TA,9000X9000,5000,1e-05
664,132800,510963.1559394695,122724.36860444225,0.0,45167.667208185,No Loss,e^-(0d),FMC_TA,9000X9000,5000,1e-05
665,133000,510963.1559394695,122724.36860444225,0.0,45167.667208185,No Loss,e^-(0d),FMC_TA,9000X9000,5000,1e-05
666,133200,510963.1559394695,122724.36860444225,0.0,45167.667208185,No Loss,e^-(0d),FMC_TA,9000X9000,5000,1e-05
667,133400,510963.1559394695,122724.36860444225,0.0,45167.667208185,No Loss,e^-(0d),FMC_TA,9000X9000,5000,1e-05
668,133600,510963.1559394695,122724.36860444225,0.0,45167.667208185,No Loss,e^-(0d),FMC_TA,9000X9000,5000,1e-05
669,133800,510963.1559394695,122724.36860444225,0.0,45167.667208185,No Loss,e^-(0d),FMC_TA,9000X9000,5000,1e-05
670,134000,510963.1559394695,122724.36860444225,0.0,45167.667208185,No Loss,e^-(0d),FMC_TA,9000X9000,5000,1e-05
671,134200,510963.1559394695,122724.36860444225,0.0,45167.667208185,No Loss,e^-(0d),FMC_TA,9000X9000,5000,1e-05
672,134400,510963.1559394695,122724.36860444225,0.0,45167.667208185,No Loss,e^-(0d),FMC_TA,9000X9000,5000,1e-05
673,134600,510963.1559394695,122724.36860444225,0.0,45167.667208185,No Loss,e^-(0d),FMC_TA,9000X9000,5000,1e-05
674,134800,510963.1559394695,122724.36860444225,0.0,45167.667208185,No Loss,e^-(0d),FMC_TA,9000X9000,5000,1e-05
675,135000,510963.1559394695,122724.36860444225,0.0,45167.667208185,No Loss,e^-(0d),FMC_TA,9000X9000,5000,1e-05
676,135200,510963.1559394695,122724.36860444225,0.0,45167.667208185,No Loss,e^-(0d),FMC_TA,9000X9000,5000,1e-05
677,135400,510963.1559394695,122724.36860444225,0.0,45167.667208185,No Loss,e^-(0d),FMC_TA,9000X9000,5000,1e-05
678,135600,510963.1559394695,122724.36860444225,0.0,45167.667208185,No Loss,e^-(0d),FMC_TA,9000X9000,5000,1e-05
679,135800,510963.1559394695,122724.36860444225,0.0,45167.667208185,No Loss,e^-(0d),FMC_TA,9000X9000,5000,1e-05
680,136000,510963.1559394695,122724.36860444225,0.0,45167.667208185,No Loss,e^-(0d),FMC_TA,9000X9000,5000,1e-05
681,136200,510963.1559394695,122724.36860444225,0.0,45167.667208185,No Loss,e^-(0d),FMC_TA,9000X9000,5000,1e-05
682,136400,510963.1559394695,122724.36860444225,0.0,45167.667208185,No Loss,e^-(0d),FMC_TA,9000X9000,5000,1e-05
683,136600,510963.1559394695,122724.36860444225,0.0,45167.667208185,No Loss,e^-(0d),FMC_TA,9000X9000,5000,1e-05
684,136800,510963.1559394695,122724.36860444225,0.0,45167.667208185,No Loss,e^-(0d),FMC_TA,9000X9000,5000,1e-05
685,137000,510963.1559394695,122724.36860444225,0.0,45167.667208185,No Loss,e^-(0d),FMC_TA,9000X9000,5000,1e-05
686,137200,510963.1559394695,122724.36860444225,0.0,45167.667208185,No Loss,e^-(0d),FMC_TA,9000X9000,5000,1e-05
687,137400,510963.1559394695,122724.36860444225,0.0,45167.667208185,No Loss,e^-(0d),FMC_TA,9000X9000,5000,1e-05
688,137600,510963.1559394695,122724.36860444225,0.0,45167.667208185,No Loss,e^-(0d),FMC_TA,9000X9000,5000,1e-05
689,137800,510963.1559394695,122724.36860444225,0.0,45167.667208185,No Loss,e^-(0d),FMC_TA,9000X9000,5000,1e-05
690,138000,510963.1559394695,122724.36860444225,0.0,45167.667208185,No Loss,e^-(0d),FMC_TA,9000X9000,5000,1e-05
691,138200,510963.1559394695,122724.36860444225,0.0,45167.667208185,No Loss,e^-(0d),FMC_TA,9000X9000,5000,1e-05
692,138400,510963.1559394695,122724.36860444225,0.0,45167.667208185,No Loss,e^-(0d),FMC_TA,9000X9000,5000,1e-05
693,138600,510963.1559394695,122724.36860444225,0.0,45167.667208185,No Loss,e^-(0d),FMC_TA,9000X9000,5000,1e-05
694,138800,510963.1559394695,122724.36860444225,0.0,45167.667208185,No Loss,e^-(0d),FMC_TA,9000X9000,5000,1e-05
695,139000,510963.1559394695,122724.36860444225,0.0,45167.667208185,No Loss,e^-(0d),FMC_TA,9000X9000,5000,1e-05
696,139200,510963.1559394695,122724.36860444225,0.0,45167.667208185,No Loss,e^-(0d),FMC_TA,9000X9000,5000,1e-05
697,139400,510963.1559394695,122724.36860444225,0.0,45167.667208185,No Loss,e^-(0d),FMC_TA,9000X9000,5000,1e-05
698,139600,510963.1559394695,122724.36860444225,0.0,45167.667208185,No Loss,e^-(0d),FMC_TA,9000X9000,5000,1e-05
699,139800,510963.1559394695,122724.36860444225,0.0,45167.667208185,No Loss,e^-(0d),FMC_TA,9000X9000,5000,1e-05
700,140000,510963.1559394695,122724.36860444225,0.0,45167.667208185,No Loss,e^-(0d),FMC_TA,9000X9000,5000,1e-05
701,140200,510963.1559394695,122724.36860444225,0.0,45167.667208185,No Loss,e^-(0d),FMC_TA,9000X9000,5000,1e-05
702,140400,510963.1559394695,122724.36860444225,0.0,45167.667208185,No Loss,e^-(0d),FMC_TA,9000X9000,5000,1e-05
703,140600,510963.1559394695,122724.36860444225,0.0,45167.667208185,No Loss,e^-(0d),FMC_TA,9000X9000,5000,1e-05
704,140800,510963.1559394695,122724.36860444225,0.0,45167.667208185,No Loss,e^-(0d),FMC_TA,9000X9000,5000,1e-05
705,141000,510963.1559394695,122724.36860444225,0.0,45167.667208185,No Loss,e^-(0d),FMC_TA,9000X9000,5000,1e-05
706,141200,510963.1559394695,122724.36860444225,0.0,45167.667208185,No Loss,e^-(0d),FMC_TA,9000X9000,5000,1e-05
707,141400,510963.1559394695,122724.36860444225,0.0,45167.667208185,No Loss,e^-(0d),FMC_TA,9000X9000,5000,1e-05
708,141600,510963.1559394695,122724.36860444225,0.0,45167.667208185,No Loss,e^-(0d),FMC_TA,9000X9000,5000,1e-05
709,141800,510963.1559394695,122724.36860444225,0.0,45167.667208185,No Loss,e^-(0d),FMC_TA,9000X9000,5000,1e-05
710,142000,510963.1559394695,122724.36860444225,0.0,45167.667208185,No Loss,e^-(0d),FMC_TA,9000X9000,5000,1e-05
711,142200,510963.1559394695,122724.36860444225,0.0,45167.667208185,No Loss,e^-(0d),FMC_TA,9000X9000,5000,1e-05
712,142400,510963.1559394695,122724.36860444225,0.0,45167.667208185,No Loss,e^-(0d),FMC_TA,9000X9000,5000,1e-05
713,142600,510963.1559394695,122724.36860444225,0.0,45167.667208185,No Loss,e^-(0d),FMC_TA,9000X9000,5000,1e-05
714,142800,510963.1559394695,122724.36860444225,0.0,45167.667208185,No Loss,e^-(0d),FMC_TA,9000X9000,5000,1e-05
715,143000,510963.1559394695,122724.36860444225,0.0,45167.667208185,No Loss,e^-(0d),FMC_TA,9000X9000,5000,1e-05
716,143200,510963.1559394695,122724.36860444225,0.0,45167.667208185,No Loss,e^-(0d),FMC_TA,9000X9000,5000,1e-05
717,143400,510963.1559394695,122724.36860444225,0.0,45167.667208185,No Loss,e^-(0d),FMC_TA,9000X9000,5000,1e-05
718,143600,510963.1559394695,122724.36860444225,0.0,45167.667208185,No Loss,e^-(0d),FMC_TA,9000X9000,5000,1e-05
719,143800,510963.1559394695,122724.36860444225,0.0,45167.667208185,No Loss,e^-(0d),FMC_TA,9000X9000,5000,1e-05
720,144000,510963.1559394695,122724.36860444225,0.0,45167.667208185,No Loss,e^-(0d),FMC_TA,9000X9000,5000,1e-05
721,144200,510963.1559394695,122724.36860444225,0.0,45167.667208185,No Loss,e^-(0d),FMC_TA,9000X9000,5000,1e-05
722,144400,510963.1559394695,122724.36860444225,0.0,45167.667208185,No Loss,e^-(0d),FMC_TA,9000X9000,5000,1e-05
723,144600,510963.1559394695,122724.36860444225,0.0,45167.667208185,No Loss,e^-(0d),FMC_TA,9000X9000,5000,1e-05
724,144800,510963.1559394695,122724.36860444225,0.0,45167.667208185,No Loss,e^-(0d),FMC_TA,9000X9000,5000,1e-05
725,145000,510963.1559394695,122724.36860444225,0.0,45167.667208185,No Loss,e^-(0d),FMC_TA,9000X9000,5000,1e-05
726,145200,510963.1559394695,122724.36860444225,0.0,45167.667208185,No Loss,e^-(0d),FMC_TA,9000X9000,5000,1e-05
727,145400,510963.1559394695,122724.36860444225,0.0,45167.667208185,No Loss,e^-(0d),FMC_TA,9000X9000,5000,1e-05
728,145600,510963.1559394695,122724.36860444225,0.0,45167.667208185,No Loss,e^-(0d),FMC_TA,9000X9000,5000,1e-05
729,145800,510963.1559394695,122724.36860444225,0.0,45167.667208185,No Loss,e^-(0d),FMC_TA,9000X9000,5000,1e-05
730,146000,510963.1559394695,122724.36860444225,0.0,45167.667208185,No Loss,e^-(0d),FMC_TA,9000X9000,5000,1e-05
731,146200,510963.1559394695,122724.36860444225,0.0,45167.667208185,No Loss,e^-(0d),FMC_TA,9000X9000,5000,1e-05
732,146400,510963.1559394695,122724.36860444225,0.0,45167.667208185,No Loss,e^-(0d),FMC_TA,9000X9000,5000,1e-05
733,146600,510963.1559394695,122724.36860444225,0.0,45167.667208185,No Loss,e^-(0d),FMC_TA,9000X9000,5000,1e-05
734,146800,510963.1559394695,122724.36860444225,0.0,45167.667208185,No Loss,e^-(0d),FMC_TA,9000X9000,5000,1e-05
735,147000,510963.1559394695,122724.36860444225,0.0,45167.667208185,No Loss,e^-(0d),FMC_TA,9000X9000,5000,1e-05
736,147200,510963.1559394695,122724.36860444225,0.0,45167.667208185,No Loss,e^-(0d),FMC_TA,9000X9000,5000,1e-05
737,147400,510963.1559394695,122724.36860444225,0.0,45167.667208185,No Loss,e^-(0d),FMC_TA,9000X9000,5000,1e-05
738,147600,510963.1559394695,122724.36860444225,0.0,45167.667208185,No Loss,e^-(0d),FMC_TA,9000X9000,5000,1e-05
739,147800,510963.1559394695,122724.36860444225,0.0,45167.667208185,No Loss,e^-(0d),FMC_TA,9000X9000,5000,1e-05
740,148000,510963.1559394695,122724.36860444225,0.0,45167.667208185,No Loss,e^-(0d),FMC_TA,9000X9000,5000,1e-05
741,148200,510963.1559394695,122724.36860444225,0.0,45167.667208185,No Loss,e^-(0d),FMC_TA,9000X9000,5000,1e-05
742,148400,510963.1559394695,122724.36860444225,0.0,45167.667208185,No Loss,e^-(0d),FMC_TA,9000X9000,5000,1e-05
743,148600,510963.1559394695,122724.36860444225,0.0,45167.667208185,No Loss,e^-(0d),FMC_TA,9000X9000,5000,1e-05
744,148800,510963.1559394695,122724.36860444225,0.0,45167.667208185,No Loss,e^-(0d),FMC_TA,9000X9000,5000,1e-05
745,149000,510963.1559394695,122724.36860444225,0.0,45167.667208185,No Loss,e^-(0d),FMC_TA,9000X9000,5000,1e-05
746,149200,510963.1559394695,122724.36860444225,0.0,45167.667208185,No Loss,e^-(0d),FMC_TA,9000X9000,5000,1e-05
747,149400,510963.1559394695,122724.36860444225,0.0,45167.667208185,No Loss,e^-(0d),FMC_TA,9000X9000,5000,1e-05
748,149600,510963.1559394695,122724.36860444225,0.0,45167.667208185,No Loss,e^-(0d),FMC_TA,9000X9000,5000,1e-05
749,149800,510963.1559394695,122724.36860444225,0.0,45167.667208185,No Loss,e^-(0d),FMC_TA,9000X9000,5000,1e-05
750,150000,510963.1559394695,122724.36860444225,0.0,45167.667208185,No Loss,e^-(0d),FMC_TA,9000X9000,5000,1e-05
751,150200,510963.1559394695,122724.36860444225,0.0,45167.667208185,No Loss,e^-(0d),FMC_TA,9000X9000,5000,1e-05
752,150400,510963.1559394695,122724.36860444225,0.0,45167.667208185,No Loss,e^-(0d),FMC_TA,9000X9000,5000,1e-05
753,150600,510963.1559394695,122724.36860444225,0.0,45167.667208185,No Loss,e^-(0d),FMC_TA,9000X9000,5000,1e-05
754,150800,510963.1559394695,122724.36860444225,0.0,45167.667208185,No Loss,e^-(0d),FMC_TA,9000X9000,5000,1e-05
755,151000,510963.1559394695,122724.36860444225,0.0,45167.667208185,No Loss,e^-(0d),FMC_TA,9000X9000,5000,1e-05
756,151200,510963.1559394695,122724.36860444225,0.0,45167.667208185,No Loss,e^-(0d),FMC_TA,9000X9000,5000,1e-05
757,151400,510963.1559394695,122724.36860444225,0.0,45167.667208185,No Loss,e^-(0d),FMC_TA,9000X9000,5000,1e-05
758,151600,510963.1559394695,122724.36860444225,0.0,45167.667208185,No Loss,e^-(0d),FMC_TA,9000X9000,5000,1e-05
759,151800,510963.1559394695,122724.36860444225,0.0,45167.667208185,No Loss,e^-(0d),FMC_TA,9000X9000,5000,1e-05
760,152000,510963.1559394695,122724.36860444225,0.0,45167.667208185,No Loss,e^-(0d),FMC_TA,9000X9000,5000,1e-05
761,152200,510963.1559394695,122724.36860444225,0.0,45167.667208185,No Loss,e^-(0d),FMC_TA,9000X9000,5000,1e-05
762,152400,510963.1559394695,122724.36860444225,0.0,45167.667208185,No Loss,e^-(0d),FMC_TA,9000X9000,5000,1e-05
763,152600,510963.1559394695,122724.36860444225,0.0,45167.667208185,No Loss,e^-(0d),FMC_TA,9000X9000,5000,1e-05
764,152800,510963.1559394695,122724.36860444225,0.0,45167.667208185,No Loss,e^-(0d),FMC_TA,9000X9000,5000,1e-05
765,153000,510963.1559394695,122724.36860444225,0.0,45167.667208185,No Loss,e^-(0d),FMC_TA,9000X9000,5000,1e-05
766,153200,510963.1559394695,122724.36860444225,0.0,45167.667208185,No Loss,e^-(0d),FMC_TA,9000X9000,5000,1e-05
767,153400,510963.1559394695,122724.36860444225,0.0,45167.667208185,No Loss,e^-(0d),FMC_TA,9000X9000,5000,1e-05
768,153600,510963.1559394695,122724.36860444225,0.0,45167.667208185,No Loss,e^-(0d),FMC_TA,9000X9000,5000,1e-05
769,153800,510963.1559394695,122724.36860444225,0.0,45167.667208185,No Loss,e^-(0d),FMC_TA,9000X9000,5000,1e-05
770,154000,510963.1559394695,122724.36860444225,0.0,45167.667208185,No Loss,e^-(0d),FMC_TA,9000X9000,5000,1e-05
771,154200,510963.1559394695,122724.36860444225,0.0,45167.667208185,No Loss,e^-(0d),FMC_TA,9000X9000,5000,1e-05
772,154400,510963.1559394695,122724.36860444225,0.0,45167.667208185,No Loss,e^-(0d),FMC_TA,9000X9000,5000,1e-05
773,154600,510963.1559394695,122724.36860444225,0.0,45167.667208185,No Loss,e^-(0d),FMC_TA,9000X9000,5000,1e-05
774,154800,510963.1559394695,122724.36860444225,0.0,45167.667208185,No Loss,e^-(0d),FMC_TA,9000X9000,5000,1e-05
775,155000,510963.1559394695,122724.36860444225,0.0,45167.667208185,No Loss,e^-(0d),FMC_TA,9000X9000,5000,1e-05
776,155200,510963.1559394695,122724.36860444225,0.0,45167.667208185,No Loss,e^-(0d),FMC_TA,9000X9000,5000,1e-05
777,155400,510963.1559394695,122724.36860444225,0.0,45167.667208185,No Loss,e^-(0d),FMC_TA,9000X9000,5000,1e-05
778,155600,510963.1559394695,122724.36860444225,0.0,45167.667208185,No Loss,e^-(0d),FMC_TA,9000X9000,5000,1e-05
779,155800,510963.1559394695,122724.36860444225,0.0,45167.667208185,No Loss,e^-(0d),FMC_TA,9000X9000,5000,1e-05
