,protocol_type,protocol_name,Algorithm,Simulation_Number,Task Id,Mission Id,Task Importance,Max Players,Initial Workload,Arrival Delay,Abandonment Counter,Total Abandonment Counter,Total Time In System,Total Time Since First Arrival,Time Taken (In System) Relative To Optimal,Time Taken (First Arrival) Relative To Optimal,Cap,Is Done,Abandonment Penalty,Utility,map_size,max_nclo,converge_threshold
0,Delay,Pois(1000^d)+TS,FMC_ATA,0,5,11,38183.78443997038,3,38183.78443997038,90.00349230037911,0,0,12917.112815347311,12827.109323046932,0.9853539508870945,0.992267846644767,38068.339305868656,True,0,37709.050537969306,900X900,100000,1e-05
1,Delay,Pois(1000^d)+TS,FMC_ATA,0,5,13,38183.78443997038,2,38183.78443997038,95.29913952436456,0,0,19191.630674202934,19096.331534678568,0.9948030234683596,0.9997675304973987,38179.34512527701,True,0,37797.91337456738,900X900,100000,1e-05
2,Delay,Pois(1000^d)+TS,FMC_ATA,0,5,12,38183.78443997038,3,38183.78443997038,17304.655262604992,0,0,30409.22257568641,13104.567313081418,0.418554868181121,0.9712589391601927,37430.50610712114,True,0,6045.164168948482,900X900,100000,1e-05
3,Delay,Pois(1000^d)+TS,FMC_ATA,0,10,27,36049.23103919594,2,36049.23103919594,113.16129627642157,0,0,18140.81917808879,18027.657881812367,0.9935943544031807,0.9998312391862358,36046.18867698155,True,0,35618.9714697588,900X900,100000,1e-05
4,Delay,Pois(1000^d)+TS,FMC_ATA,0,10,26,36049.23103919594,3,36049.23103919594,464.9488836115972,0,0,20978.6375736941,20513.688690082505,0.5727926946727214,0.5857752122468384,27551.952695512082,True,0,26234.783825977083,900X900,100000,1e-05
5,Delay,Pois(1000^d)+TS,FMC_ATA,0,10,28,36049.23103919594,1,36049.23103919594,209.0676143935289,0,0,36258.29865358947,36049.23103919594,0.994233937549278,1.0,36049.23103919593,True,0,35263.8394756884,900X900,100000,1e-05
6,Delay,Pois(1000^d)+TS,FMC_ATA,0,7,18,41014.75693193326,4,41014.75693193326,135.97237342386836,0,0,10435.251244520048,10299.27887109618,0.9826010886290756,0.9955735116328575,40926.96118371589,True,0,40344.816545233254,900X900,100000,1e-05
7,Delay,Pois(1000^d)+TS,FMC_ATA,0,7,17,41014.75693193326,3,41014.75693193326,123.86190482727325,0,0,13842.66153536734,13718.799630540067,0.9876414018393431,0.9965584462318987,40926.20942965724,True,0,40395.58597692313,900X900,100000,1e-05
8,Delay,Pois(1000^d)+TS,FMC_ATA,0,7,19,41014.75693193326,3,41014.75693193326,733.4041147508,0,0,36430.48430966232,35697.08019491152,0.37527872338363866,0.3829889046759232,17216.703468658918,True,0,15936.438372190005,900X900,100000,1e-05
9,Delay,Pois(1000^d)+TS,FMC_ATA,0,3,7,61127.47213686085,3,61127.47213686085,299.46385182458425,0,0,31020.62821910136,30721.164367276775,0.6568475629089163,0.6632503834172371,40646.69589200967,True,0,39384.24585601249,900X900,100000,1e-05
10,Delay,Pois(1000^d)+TS,FMC_ATA,0,3,6,61127.47213686085,5,61127.47213686085,10527.430598059269,0,0,33061.43402831614,22534.003430256867,0.36978112978709266,0.5425353939086007,34086.66802055262,True,0,11242.832610644999,900X900,100000,1e-05
11,Delay,Pois(1000^d)+TS,FMC_ATA,0,3,5,61127.47213686085,3,61127.47213686085,13934.840888906561,0,0,40351.41107505834,26416.57018615178,0.5049593930610969,0.7713273866378685,49045.979855797865,True,0,11297.440559012632,900X900,100000,1e-05
12,Delay,Pois(1000^d)+TS,FMC_ATA,0,9,24,101301.10532378982,5,101301.10532378982,26.615172444233284,0,0,29611.07449587654,29584.459323432307,0.6842109382953759,0.684826477417179,70912.98773978904,True,0,70714.41292045994,900X900,100000,1e-05
13,Delay,Pois(1000^d)+TS,FMC_ATA,0,9,25,101301.10532378982,9,101301.10532378982,183.49662921287012,0,0,30362.07988384284,30178.58325462997,0.37071499753545145,0.37296907791664285,38601.04343701862,True,0,37861.92571821681,900X900,100000,1e-05
14,Delay,Pois(1000^d)+TS,FMC_ATA,0,9,23,101301.10532378982,10,101301.10532378982,428.78641391331826,0,0,40568.82310466751,40140.03669075419,0.24970185864754593,0.2523692394808483,27575.84161212334,True,0,26357.765246515355,900X900,100000,1e-05
15,Delay,Pois(1000^d)+TS,FMC_ATA,0,6,15,100974.62559682401,8,100974.62559682401,137.1065888449834,0,0,17095.03859062274,16957.932001777754,0.7383328287147911,0.7443023240262914,75526.59907246295,True,0,74443.41293864005,900X900,100000,1e-05
16,Delay,Pois(1000^d)+TS,FMC_ATA,0,6,16,100974.62559682401,9,100974.62559682401,447.6910861105346,0,0,38014.11654620338,37566.42546009285,0.2951378030962575,0.29865505452495156,32669.738479204876,True,0,31164.519648528705,900X900,100000,1e-05
17,Delay,Pois(1000^d)+TS,FMC_ATA,0,6,14,100974.62559682401,10,100974.62559682401,573.5419110629563,0,0,43505.97007547541,42932.42816441245,0.23209372281930576,0.2351943039656068,32364.791486290887,True,0,30466.949645911533,900X900,100000,1e-05
18,Delay,Pois(1000^d)+TS,FMC_ATA,0,11,30,81970.46864039541,7,81970.46864039541,144.05199851181112,0,0,16631.65541380169,16487.60341528988,0.7040830667349193,0.7102346322673261,58395.79765509162,True,0,57516.19362644933,900X900,100000,1e-05
19,Delay,Pois(1000^d)+TS,FMC_ATA,0,11,29,81970.46864039541,4,81970.46864039541,267.2336054093595,0,0,39814.45923149202,39547.22562608266,0.514702888238397,0.5181809048719543,53562.578015265775,True,0,52075.51009121409,900X900,100000,1e-05
20,Delay,Pois(1000^d)+TS,FMC_ATA,0,11,31,81970.46864039541,6,81970.46864039541,234.50793409778697,0,0,43514.720341330976,43280.212407233186,0.31395685566254444,0.3156579881090422,39455.24892884071,True,0,38492.338222229075,900X900,100000,1e-05
21,Delay,Pois(1000^d)+TS,FMC_ATA,0,4,9,57659.69541523558,5,57659.69541523558,17733.123079446435,0,0,36953.02155119163,19219.898471745197,0.31207026107653285,0.6,34595.81724914136,True,0,5340.727043265505,900X900,100000,1e-05
22,Delay,Pois(1000^d)+TS,FMC_ATA,0,4,10,57659.69541523558,3,57659.69541523558,410.9640011636151,0,0,47432.60720046077,47021.643199297156,0.40520434372324543,0.4087457852181669,26311.933282370817,True,0,25196.95601508429,900X900,100000,1e-05
23,Delay,Pois(1000^d)+TS,FMC_ATA,0,4,8,57659.69541523558,4,57659.69541523558,21514.893904626973,0,0,48277.84592959621,26762.952024969236,0.29858258122846326,0.5386148673120997,31930.191231590616,True,0,3309.283430445426,900X900,100000,1e-05
24,Delay,Pois(1000^d)+TS,FMC_ATA,0,2,2,94442.18515250481,7,94442.18515250481,163.38141234561775,0,0,31693.990044001814,31530.608631656196,0.42568766877698533,0.42789344454729733,40434.443243717564,True,0,39744.36330637242,900X900,100000,1e-05
25,Delay,Pois(1000^d)+TS,FMC_ATA,0,2,3,94442.18515250481,5,94442.18515250481,277.0788933640955,0,0,38364.89189009095,38087.812996726854,0.49233651132429096,0.495918130876251,62667.8388305775,True,0,60864.81173181287,900X900,100000,1e-05
26,Delay,Pois(1000^d)+TS,FMC_ATA,0,2,4,94442.18515250481,3,94442.18515250481,31383.717485600595,0,0,66532.40554055403,35148.68805495343,0.4731638384092331,0.8956444785350034,90774.22548171965,True,0,3326.0011530067914,900X900,100000,1e-05
27,Delay,Pois(1000^d)+TS,FMC_ATA,0,8,21,57214.27154527134,3,57214.27154527134,10579.121046660783,0,0,37220.52640640967,26641.40535974889,0.5123899549453854,0.7158565244924279,42074.30852262114,True,0,13802.029642044778,900X900,100000,1e-05
28,Delay,Pois(1000^d)+TS,FMC_ATA,0,8,22,57214.27154527134,4,57214.27154527134,524.2968608091896,0,0,51084.314830054245,50560.017969245055,0.27999921177180337,0.2829027453079327,19294.25806833755,True,0,18257.342988161727,900X900,100000,1e-05
29,Delay,Pois(1000^d)+TS,FMC_ATA,0,8,20,57214.27154527134,1,57214.27154527134,13986.531337508075,0,0,71200.80288277942,57214.271545271346,0.8035621682450037,0.9999999999999999,57214.271545271346,True,0,13107.377187968335,900X900,100000,1e-05
30,Delay,Pois(1000^d)+TS,FMC_ATA,1,4,9,12693.67787905268,1,12693.67787905268,99.3691729128986,0,0,12793.04705196558,12693.67787905268,0.9922325641022612,1.0,12693.67787905268,True,0,12561.473580180615,900X900,100000,1e-05
31,Delay,Pois(1000^d)+TS,FMC_ATA,1,4,8,12693.67787905268,1,12693.67787905268,120.48709850952679,0,0,12814.164977562208,12693.67787905268,0.9905973507660857,1.0,12693.677879052682,True,0,12533.555428007965,900X900,100000,1e-05
32,Delay,Pois(1000^d)+TS,FMC_ATA,1,4,10,12693.67787905268,1,12693.67787905268,329.5294192166835,0,0,13023.207298269364,12693.67787905268,0.9746967539048177,1.0,12693.677879052682,True,0,12260.524060958009,900X900,100000,1e-05
33,Delay,Pois(1000^d)+TS,FMC_ATA,1,10,28,57409.847110640534,5,57409.847110640534,48.08284645250754,0,0,11583.076878189322,11534.994031736815,0.9912711054994723,0.9954031524019155,57306.9351811693,True,0,57017.350470222445,900X900,100000,1e-05
34,Delay,Pois(1000^d)+TS,FMC_ATA,1,10,26,57409.847110640534,6,57409.847110640534,326.6630068727221,0,0,14463.010417886493,14136.34741101377,0.6615709714168662,0.6768585670382335,39058.12668791615,True,0,37736.71833451167,900X900,100000,1e-05
35,Delay,Pois(1000^d)+TS,FMC_ATA,1,10,27,57409.847110640534,2,57409.847110640534,36.89828015456986,0,0,28780.68348480351,28743.785204648942,0.997367681364369,0.9986479982002374,57370.98546131186,True,0,57148.38174606236,900X900,100000,1e-05
36,Delay,Pois(1000^d)+TS,FMC_ATA,1,2,3,62198.39097124932,6,62198.39097124932,86.68051719486047,0,0,12665.413736159118,12578.733218964258,0.8184808416966809,0.8241210235367242,51660.72150702533,True,0,51191.067300397655,900X900,100000,1e-05
37,Delay,Pois(1000^d)+TS,FMC_ATA,1,2,2,62198.39097124932,5,62198.39097124932,106.23500864039909,0,0,12666.140926453867,12559.905917813468,0.9821206211490175,0.9904276573128555,61958.24125373802,True,0,61268.61089794171,900X900,100000,1e-05
38,Delay,Pois(1000^d)+TS,FMC_ATA,1,2,4,62198.39097124932,3,62198.39097124932,516.1550798853438,0,0,34415.91530215841,33899.76022227307,0.6024188753485272,0.6115912577102661,43603.84535085343,True,0,41295.88991467592,900X900,100000,1e-05
39,Delay,Pois(1000^d)+TS,FMC_ATA,1,9,25,73877.31810597965,7,73877.31810597965,12001.275634119656,0,0,28270.753268657973,16269.477634538316,0.3733152239091195,0.6486933891573595,49568.05433282321,True,0,13997.60118489735,900X900,100000,1e-05
40,Delay,Pois(1000^d)+TS,FMC_ATA,1,9,23,73877.31810597965,3,73877.31810597965,34.06087420455537,0,0,33865.316440758696,33831.25556655414,0.7271679491042582,0.7279000524691865,63979.21923957147,True,0,63750.030341388396,900X900,100000,1e-05
41,Delay,Pois(1000^d)+TS,FMC_ATA,1,9,24,73877.31810597965,2,73877.31810597965,237.15729467911476,0,0,37232.44231331643,36995.28501863732,0.9921094818907022,0.9984693734453196,73820.69214033215,True,0,71998.98766816544,900X900,100000,1e-05
42,Delay,Pois(1000^d)+TS,FMC_ATA,1,5,13,60160.26705680338,6,60160.26705680338,379.7809878235799,0,0,15510.06952367933,15130.28853585575,0.64646461840974,0.6626913394528202,40027.01071890578,True,0,38456.993827017875,900X900,100000,1e-05
43,Delay,Pois(1000^d)+TS,FMC_ATA,1,5,12,60160.26705680338,5,60160.26705680338,41.98101054674668,0,0,21948.384463549384,21906.403453002637,0.5481976785736927,0.5492482340688144,38288.73975375068,True,0,38119.75725441122,900X900,100000,1e-05
44,Delay,Pois(1000^d)+TS,FMC_ATA,1,5,11,60160.26705680338,3,60160.26705680338,12910.322672280514,0,0,41864.52954531899,28954.206873038478,0.4790074693317563,0.6925909744376766,51259.48253603271,True,0,13153.164445749742,900X900,100000,1e-05
45,Delay,Pois(1000^d)+TS,FMC_ATA,1,8,21,105518.78622608687,6,105518.78622608687,259.6058448986219,0,0,39612.287596096714,39352.68175119809,0.4439648765134029,0.44689366997152763,63185.463497784054,True,0,61480.623557531326,900X900,100000,1e-05
46,Delay,Pois(1000^d)+TS,FMC_ATA,1,8,22,105518.78622608687,9,105518.78622608687,417.9331761174621,0,0,46237.41562161334,45819.48244549588,0.2535675799145633,0.2558804454987648,41031.40900505848,True,0,39263.8477831628,900X900,100000,1e-05
47,Delay,Pois(1000^d)+TS,FMC_ATA,1,8,20,105518.78622608687,3,105518.78622608687,13079.951579757915,0,0,49465.16213532141,36385.21055556349,0.711064660938676,0.9666820173629812,104306.50441255228,True,0,26290.910718047915,900X900,100000,1e-05
48,Delay,Pois(1000^d)+TS,FMC_ATA,1,6,14,50159.09369106695,5,50159.09369106695,148.19698550825072,0,0,12811.18341389982,12662.986428391569,0.7830516833697901,0.7922158643178467,39903.32106431167,True,0,39285.105193061325,900X900,100000,1e-05
49,Delay,Pois(1000^d)+TS,FMC_ATA,1,6,16,50159.09369106695,4,50159.09369106695,13451.70888508641,0,0,39726.977531486365,26275.268646399956,0.3156488160426527,0.4772462497537525,24481.685945100224,True,0,5933.69036661058,900X900,100000,1e-05
50,Delay,Pois(1000^d)+TS,FMC_ATA,1,6,15,50159.09369106695,1,50159.09369106695,88.51641638921971,0,0,50247.61010745617,50159.09369106695,0.998238395493837,1.0,50159.09369106695,True,0,49693.47777137204,900X900,100000,1e-05
51,Delay,Pois(1000^d)+TS,FMC_ATA,1,3,6,86610.74377979526,6,86610.74377979526,301.7581514149028,0,0,17840.349504149108,17538.591352734205,0.8091278682596466,0.8230492217408797,71808.33129087542,True,0,69561.21175211381,900X900,100000,1e-05
52,Delay,Pois(1000^d)+TS,FMC_ATA,1,3,5,86610.74377979526,6,86610.74377979526,811.4733574236641,0,0,37818.28166796471,37006.80831054104,0.38169698163539206,0.3900667099461128,39237.091697926335,True,0,36021.834367756994,900X900,100000,1e-05
53,Delay,Pois(1000^d)+TS,FMC_ATA,1,3,7,86610.74377979526,2,86610.74377979526,15952.369976017846,0,0,71247.61090336862,55295.24092735078,0.607815073948678,0.7831663478380364,74620.87474234212,True,0,13896.963509417283,900X900,100000,1e-05
54,Delay,Pois(1000^d)+TS,FMC_ATA,1,7,18,97531.65021282806,7,97531.65021282806,12761.74153656024,0,0,32268.07157912585,19506.330042565613,0.4317919294737202,0.7142857142857142,69665.46443773432,True,0,18158.17799175701,900X900,100000,1e-05
55,Delay,Pois(1000^d)+TS,FMC_ATA,1,7,19,97531.65021282806,6,97531.65021282806,12083.562551702771,0,0,48019.161677195,35935.59912549223,0.3385164269369411,0.4523446229101568,65778.27402974665,True,0,18414.88344377628,900X900,100000,1e-05
56,Delay,Pois(1000^d)+TS,FMC_ATA,1,7,17,97531.65021282806,2,97531.65021282806,12762.468726854988,0,0,72157.70351873433,59395.23479187934,0.6758228536715133,0.82103935235359,86902.24052736275,True,0,22649.177292312692,900X900,100000,1e-05
57,Delay,Pois(1000^d)+TS,FMC_ATA,1,11,29,91337.81217490886,8,91337.81217490886,199.06939938593962,0,0,26061.330533292803,25862.261133906864,0.4380906994475336,0.4414628118844175,47610.9940832739,True,0,46622.7979611483,900X900,100000,1e-05
58,Delay,Pois(1000^d)+TS,FMC_ATA,1,11,31,91337.81217490886,4,91337.81217490886,46634.96684674415,0,0,70682.49151388866,24047.524667144506,0.32305670831142663,0.9495552394598569,90124.74055149156,True,0,662.1326020973485,900X900,100000,1e-05
59,Delay,Pois(1000^d)+TS,FMC_ATA,1,11,30,91337.81217490886,1,91337.81217490886,22148.553383693114,0,0,113486.36555860197,91337.81217490886,0.8048351158778094,1.0,91337.81217490886,True,0,8854.996264195224,900X900,100000,1e-05
60,Delay,Pois(1000^d)+TS,FMC_ATA,2,6,14,18640.318215808296,1,18640.318215808296,46.09924468349833,0,0,18686.417460491793,18640.318215808296,0.9975330078769264,1.0,18640.318215808293,True,0,18550.0009558913,900X900,100000,1e-05
61,Delay,Pois(1000^d)+TS,FMC_ATA,2,6,15,18640.318215808296,1,18640.318215808296,66.9471652889679,0,0,18707.265381097266,18640.318215808296,0.9964213280816224,1.0,18640.318215808296,True,0,18509.299712074466,900X900,100000,1e-05
62,Delay,Pois(1000^d)+TS,FMC_ATA,2,6,16,18640.318215808296,1,18640.318215808296,177.8818723830156,0,0,18818.20008819131,18640.318215808296,0.9905473492922079,1.0,18640.318215808296,True,0,18294.219853868235,900X900,100000,1e-05
63,Delay,Pois(1000^d)+TS,FMC_ATA,2,5,12,37422.95663585875,3,37422.95663585875,148.2974882630173,0,0,12649.863635802183,12501.566147539166,0.9861227945030359,0.9978204915609755,37370.8450527464,True,0,36791.474845852616,900X900,100000,1e-05
64,Delay,Pois(1000^d)+TS,FMC_ATA,2,5,11,37422.95663585875,3,37422.95663585875,75.11932137233235,0,0,18866.83637364913,18791.7170522768,0.6611770320986179,0.6638200673156792,24895.145267674205,True,0,24698.88756724491,900X900,100000,1e-05
65,Delay,Pois(1000^d)+TS,FMC_ATA,2,5,13,37422.95663585875,3,37422.95663585875,245.03218514020452,0,0,26083.425321934435,25838.39313679423,0.47824696046073,0.48278230045412457,23155.213440344894,True,0,22565.072368926263,900X900,100000,1e-05
66,Delay,Pois(1000^d)+TS,FMC_ATA,2,3,6,98218.65274686768,9,98218.65274686768,70.11654238246156,0,0,32888.19866545705,32818.082123074586,0.33182673668300133,0.33253569168405883,32709.56404316019,True,0,32468.812020657195,900X900,100000,1e-05
67,Delay,Pois(1000^d)+TS,FMC_ATA,2,3,5,98218.65274686768,4,98218.65274686768,14437.322632493606,0,0,38991.985819210524,24554.66318671692,0.6297361540026863,1.0,98218.65274686768,True,0,21457.460345299434,900X900,100000,1e-05
68,Delay,Pois(1000^d)+TS,FMC_ATA,2,3,7,98218.65274686768,5,98218.65274686768,435.3579880693676,0,0,40252.60546155057,39817.247473481206,0.48801140507879165,0.49334727525945915,50456.125042380125,True,0,48194.003542510975,900X900,100000,1e-05
69,Delay,Pois(1000^d)+TS,FMC_ATA,2,2,2,62893.53829404123,4,62893.53829404123,169.590519640534,0,0,15976.490519045194,15806.899999404659,0.9841576004922254,0.994716520892933,62743.735793572574,True,0,61632.57837356212,900X900,100000,1e-05
70,Delay,Pois(1000^d)+TS,FMC_ATA,2,2,4,62893.53829404123,6,62893.53829404123,211.86735735106157,0,0,21270.928559789067,21059.061202438006,0.4927973103231631,0.4977551601933079,31390.308678082383,True,0,30697.36285539787,900X900,100000,1e-05
71,Delay,Pois(1000^d)+TS,FMC_ATA,2,2,3,62893.53829404123,5,62893.53829404123,322.0437133871595,0,0,43295.22166198695,42973.17794859979,0.29053339320011623,0.29271066882355395,24530.9238660731,True,0,23712.535409782406,900X900,100000,1e-05
72,Delay,Pois(1000^d)+TS,FMC_ATA,2,10,28,52389.87135599712,3,52389.87135599712,112.12784754891065,0,0,17643.58563441784,17531.45778686893,0.9897812618050216,0.9961117132586118,52259.701351176074,True,0,51645.945737422,900X900,100000,1e-05
73,Delay,Pois(1000^d)+TS,FMC_ATA,2,10,26,52389.87135599712,2,52389.87135599712,110.93284582016737,0,0,26335.7003661249,26224.767520304733,0.9946549859631832,0.9988624554142158,52360.039513690965,True,0,51751.620923933144,900X900,100000,1e-05
74,Delay,Pois(1000^d)+TS,FMC_ATA,2,10,27,52389.87135599712,4,52389.87135599712,284.62981247326786,0,0,48153.65070210645,47869.02088963318,0.27199324761531196,0.2736105229558967,15357.893072181247,True,0,14904.166499743345,900X900,100000,1e-05
75,Delay,Pois(1000^d)+TS,FMC_ATA,2,9,25,63527.835890057184,3,63527.835890057184,138.7192545051696,0,0,21329.788331271753,21191.069076766584,0.9927874092233501,0.9992863134924402,63508.66818571015,True,0,62587.20543898407,900X900,100000,1e-05
76,Delay,Pois(1000^d)+TS,FMC_ATA,2,9,23,63527.835890057184,4,63527.835890057184,24640.500162856453,0,0,46486.01365332627,21845.513490469817,0.34165026691588285,0.7270123899556243,46641.524626866754,True,0,3477.6453024529555,900X900,100000,1e-05
77,Delay,Pois(1000^d)+TS,FMC_ATA,2,9,24,63527.835890057184,4,63527.835890057184,197.39748380107864,0,0,48453.334105232076,48255.936621431,0.32777845458521987,0.3291192770147361,23517.90860682739,True,0,23033.836767132063,900X900,100000,1e-05
78,Delay,Pois(1000^d)+TS,FMC_ATA,2,11,29,84869.62905145145,7,84869.62905145145,3.4586696488150572,0,0,14296.523344187379,14293.064674538564,0.8480546234735694,0.8482598377403159,72442.0768812873,True,0,72415.68327490977,900X900,100000,1e-05
79,Delay,Pois(1000^d)+TS,FMC_ATA,2,11,31,84869.62905145145,2,84869.62905145145,164.52000127794105,0,0,42733.845875896346,42569.32587461841,0.9930024704296675,0.9968401813717026,84735.1177025588,True,0,83278.98332676331,900X900,100000,1e-05
80,Delay,Pois(1000^d)+TS,FMC_ATA,2,11,30,84869.62905145145,3,84869.62905145145,18985.931653879332,0,0,56637.852204285766,37651.92055040643,0.4994870965171086,0.7513528111430811,75507.58485152878,True,0,10215.085144955503,900X900,100000,1e-05
81,Delay,Pois(1000^d)+TS,FMC_ATA,2,8,22,73668.96130890155,2,73668.96130890155,11.974269116322924,0,0,36904.63899814338,36892.664729027056,0.9980989288718923,0.9984228822991335,73610.77723432523,True,0,73517.96731869398,900X900,100000,1e-05
82,Delay,Pois(1000^d)+TS,FMC_ATA,2,8,20,73668.96130890155,3,73668.96130890155,343.41853114845355,0,0,49059.11318199432,48715.694650845864,0.5005455427863947,0.5040741102492755,42840.186095234945,True,0,41317.818020730105,900X900,100000,1e-05
83,Delay,Pois(1000^d)+TS,FMC_ATA,2,8,21,73668.96130890155,3,73668.96130890155,277.87475732700636,0,0,57065.58332105816,56787.708563731154,0.43031752252743244,0.43242316088069815,41390.203084858396,True,0,40195.987798834045,900X900,100000,1e-05
84,Delay,Pois(1000^d)+TS,FMC_ATA,2,7,17,93884.36813632483,8,93884.36813632483,68.31611782627174,0,0,24563.32979325587,24495.0136754296,0.47776690358416823,0.4790993862074169,61837.86881442799,True,0,61394.36891013666,900X900,100000,1e-05
85,Delay,Pois(1000^d)+TS,FMC_ATA,2,7,19,93884.36813632483,6,93884.36813632483,112.35948796167368,0,0,34271.835360956626,34159.47587299495,0.45656716439567735,0.4580689337144557,48420.56877058172,True,0,47850.73338130547,900X900,100000,1e-05
86,Delay,Pois(1000^d)+TS,FMC_ATA,2,7,18,93884.36813632483,9,93884.36813632483,13024.632825224164,0,0,57712.65430894983,44688.021483725664,0.1807505924740315,0.23343160232302057,37453.55786643614,True,0,9495.515911320696,900X900,100000,1e-05
87,Delay,Pois(1000^d)+TS,FMC_ATA,2,4,9,40618.37653900229,3,40618.37653900229,12749.167161320793,0,0,33058.35543082194,20309.188269501145,0.40956238354526825,0.6666666666666667,27078.91769266819,True,0,7067.428217882282,900X900,100000,1e-05
88,Delay,Pois(1000^d)+TS,FMC_ATA,2,4,8,40618.37653900229,1,40618.37653900229,37.577076993030154,0,0,40655.95361599532,40618.37653900229,0.9990757300308841,1.0,40618.37653900229,True,0,40457.88061380686,900X900,100000,1e-05
89,Delay,Pois(1000^d)+TS,FMC_ATA,2,4,10,40618.37653900229,1,40618.37653900229,26182.728847453047,0,0,66801.10538645534,40618.37653900229,0.6080494672059441,1.0,40618.37653900229,True,0,2574.344080430115,900X900,100000,1e-05
90,Delay,Pois(1000^d)+TS,FMC_ATA,3,8,21,46720.93931514355,4,46720.93931514355,44.08933234561162,0,0,11749.658669117769,11705.569336772158,0.9940914164158359,0.9978356876750383,46655.11221451273,True,0,46438.88899482552,900X900,100000,1e-05
91,Delay,Pois(1000^d)+TS,FMC_ATA,3,8,22,46720.93931514355,4,46720.93931514355,42.93695520516412,0,0,11820.153781121142,11777.216825915977,0.9881626791896118,0.9917652872861542,46542.75773431799,True,0,46332.6803649113,900X900,100000,1e-05
92,Delay,Pois(1000^d)+TS,FMC_ATA,3,8,20,46720.93931514355,4,46720.93931514355,149.89978300622496,0,0,11874.18554235411,11724.285759347884,0.9836661880617902,0.9962427621207651,46618.51793682173,True,0,45888.03117648472,900X900,100000,1e-05
93,Delay,Pois(1000^d)+TS,FMC_ATA,3,9,25,29329.066398948,3,29329.066398948,77.51905943099179,0,0,10026.223630925264,9948.704571494272,0.9750785366647359,0.9826762264433806,29130.758954371806,True,0,28893.803969212186,900X900,100000,1e-05
94,Delay,Pois(1000^d)+TS,FMC_ATA,3,9,23,29329.066398948,2,29329.066398948,36.47065383347414,0,0,14736.165015171682,14699.694361338208,0.9951390463106288,0.9976080344937861,29293.9052370838,True,0,29181.55743682235,900X900,100000,1e-05
95,Delay,Pois(1000^d)+TS,FMC_ATA,3,9,24,29329.066398948,2,29329.066398948,71.90485893852409,0,0,14801.846802179512,14729.941943240989,0.9907232114653901,0.9955594703618638,29263.657655181025,True,0,29042.795818578586,900X900,100000,1e-05
96,Delay,Pois(1000^d)+TS,FMC_ATA,3,3,6,33139.951253383595,3,33139.951253383595,106.94428784100923,0,0,11277.950135560865,11171.005847719855,0.9794909788582046,0.9888680185454647,32981.44382854,True,0,32611.904478665925,900X900,100000,1e-05
97,Delay,Pois(1000^d)+TS,FMC_ATA,3,3,5,33139.951253383595,2,33139.951253383595,66.33558532081258,0,0,16680.20020218094,16613.864616860126,0.9933918913350495,0.9973582913319403,33096.06226321527,True,0,32865.55533304929,900X900,100000,1e-05
98,Delay,Pois(1000^d)+TS,FMC_ATA,3,3,7,33139.951253383595,2,33139.951253383595,105.36699223645705,0,0,16732.583859065937,16627.21686682948,0.9902819412863103,0.9965573769443113,33082.7100132459,True,0,32717.472721122034,900X900,100000,1e-05
99,Delay,Pois(1000^d)+TS,FMC_ATA,3,4,8,106786.78919644727,8,106786.78919644727,313.7477515260368,0,0,26007.40604976473,25693.658298238694,0.5132518261918959,0.5195191939822341,68272.26688114287,True,0,66052.31044752982,900X900,100000,1e-05
100,Delay,Pois(1000^d)+TS,FMC_ATA,3,4,9,106786.78919644727,6,106786.78919644727,56.80757005900683,0,0,34512.5114496327,34455.703879573695,0.5156911928991852,0.5165414197200281,76756.10116204234,True,0,76298.06689613577,900X900,100000,1e-05
101,Delay,Pois(1000^d)+TS,FMC_ATA,3,4,10,106786.78919644727,7,106786.78919644727,197.16579792572233,0,0,35379.00711661752,35181.8413186918,0.431195130751057,0.4336116311054898,55673.143876765214,True,0,54528.54815643176,900X900,100000,1e-05
102,Delay,Pois(1000^d)+TS,FMC_ATA,3,10,27,57012.206176529304,6,57012.206176529304,110.35985406310203,0,0,17369.595085216537,17259.235231153434,0.5470498486658549,0.5505478218179348,32165.062856455806,True,0,31793.22726189035,900X900,100000,1e-05
103,Delay,Pois(1000^d)+TS,FMC_ATA,3,10,28,57012.206176529304,5,57012.206176529304,177.94452639125612,0,0,25833.80632365107,25655.861797259815,0.4413767407115237,0.44443805183436497,26237.242932387955,True,0,25749.92103034221,900X900,100000,1e-05
104,Delay,Pois(1000^d)+TS,FMC_ATA,3,10,26,57012.206176529304,5,57012.206176529304,17630.307736685372,0,0,35556.023087793146,17925.715351107774,0.3206894428871172,0.6360940699976703,42671.633895643085,True,0,6659.178133513289,900X900,100000,1e-05
105,Delay,Pois(1000^d)+TS,FMC_ATA,3,7,19,57776.410487273315,4,57776.410487273315,265.017976952084,0,0,19676.136021798397,19411.118044846313,0.7340924359242227,0.744114923645692,47906.519107493215,True,0,46587.35548198909,900X900,100000,1e-05
106,Delay,Pois(1000^d)+TS,FMC_ATA,3,7,17,57776.410487273315,5,57776.410487273315,14866.23056307056,0,0,32995.14965014763,18128.91908707707,0.35021153775560954,0.6373949843315079,40325.42204540466,True,0,8420.492953116798,900X900,100000,1e-05
107,Delay,Pois(1000^d)+TS,FMC_ATA,3,7,18,57776.410487273315,2,57776.410487273315,111.2503324865718,0,0,36409.78658491913,36298.53625243256,0.7934186918745111,0.7958504178443477,50366.07947847739,True,0,49779.16534252576,900X900,100000,1e-05
108,Delay,Pois(1000^d)+TS,FMC_ATA,3,2,2,34351.7762709337,2,34351.7762709337,102.33197605046125,0,0,17406.068580194282,17303.73660414382,0.9867758509816889,0.9926115109353689,34223.92780225673,True,0,33856.9160464756,900X900,100000,1e-05
109,Delay,Pois(1000^d)+TS,FMC_ATA,3,2,3,34351.7762709337,1,34351.7762709337,129.07969472907587,0,0,34480.85596566277,34351.7762709337,0.9962564822967964,1.0,34351.7762709337,True,0,33887.75789343703,900X900,100000,1e-05
110,Delay,Pois(1000^d)+TS,FMC_ATA,3,2,4,34351.7762709337,3,34351.7762709337,17144.009568535726,0,0,38776.91565980579,21632.906091270062,0.29529404016473504,0.5293136318347957,19929.83887675365,True,0,3273.6853254509597,900X900,100000,1e-05
111,Delay,Pois(1000^d)+TS,FMC_ATA,3,5,12,68606.43734085743,7,68606.43734085743,11549.906545867134,0,0,25222.464893146273,13672.558347279139,0.3885789775758873,0.7168314349942334,51766.59722845476,True,0,15330.449141247105,900X900,100000,1e-05
112,Delay,Pois(1000^d)+TS,FMC_ATA,3,5,11,68606.43734085743,3,68606.43734085743,16952.156612487208,0,0,43100.076006772804,26147.919394285596,0.5305979609724781,0.8745939629885146,62454.30942613419,True,0,10468.254305792645,900X900,100000,1e-05
113,Delay,Pois(1000^d)+TS,FMC_ATA,3,5,13,68606.43734085743,3,68606.43734085743,12175.802598534048,0,0,45572.97095692561,33397.16835839156,0.5018064867565357,0.6847530365910897,50768.88396520469,True,0,14075.487456543311,900X900,100000,1e-05
114,Delay,Pois(1000^d)+TS,FMC_ATA,3,11,29,92608.0655575377,8,92608.0655575377,154.2638117053251,0,0,32919.64322044668,32765.37940874135,0.3516444001890717,0.35329998930529377,43516.917369902076,True,0,42815.340137374136,900X900,100000,1e-05
115,Delay,Pois(1000^d)+TS,FMC_ATA,3,11,30,92608.0655575377,6,92608.0655575377,30.228271423545316,0,0,36681.775591365804,36651.547319942256,0.4207723684061788,0.4211193993582061,52689.242532920325,True,0,52521.701281727204,900X900,100000,1e-05
116,Delay,Pois(1000^d)+TS,FMC_ATA,3,11,31,92608.0655575377,2,92608.0655575377,12210.630213262351,0,0,70158.92250144761,57948.29228818526,0.659987798099571,0.7990577625392683,80963.8060481213,True,0,22364.702172577083,900X900,100000,1e-05
117,Delay,Pois(1000^d)+TS,FMC_ATA,3,6,14,108384.52116221412,9,108384.52116221412,159.42163672587216,0,0,21999.570968301523,21840.149331575652,0.5474072467563719,0.5514030325867981,60049.94094946636,True,0,59049.721088234066,900X900,100000,1e-05
118,Delay,Pois(1000^d)+TS,FMC_ATA,3,6,16,108384.52116221412,4,108384.52116221412,319.49540819629283,0,0,43722.57545814563,43403.080049949334,0.6197285957340707,0.6242904941163309,88853.07159235977,True,0,85911.8631446974,900X900,100000,1e-05
119,Delay,Pois(1000^d)+TS,FMC_ATA,3,6,15,108384.52116221412,1,108384.52116221412,36646.07911020565,0,0,145030.60027241978,108384.52116221414,0.7473217442293482,0.9999999999999999,108384.52116221414,True,0,2281.049155878988,900X900,100000,1e-05
120,Delay,Pois(1000^d)+TS,FMC_ATA,4,3,5,21097.728168000565,2,21097.728168000565,131.77451380823425,0,0,10701.340723450867,10569.566209642633,0.9857516321187263,0.9980413457627557,21077.026042358208,True,0,20786.418223606444,900X900,100000,1e-05
121,Delay,Pois(1000^d)+TS,FMC_ATA,4,3,6,21097.728168000565,1,21097.728168000565,88.53934683147517,0,0,21186.26751483204,21097.728168000565,0.9958209086725874,1.0,21097.72816800057,True,0,20901.832063800743,900X900,100000,1e-05
122,Delay,Pois(1000^d)+TS,FMC_ATA,4,3,7,21097.728168000565,1,21097.728168000565,148.90602403187137,0,0,21246.634192032438,21097.728168000565,0.9929915476170944,1.0,21097.728168000565,True,0,20769.312764421895,900X900,100000,1e-05
123,Delay,Pois(1000^d)+TS,FMC_ATA,4,8,20,52407.49436671482,3,52407.49436671482,39.810679224459086,0,0,17567.178968618544,17527.368289394086,0.9944206078910738,0.9966792789694293,52317.37231846378,True,0,52098.38805956769,900X900,100000,1e-05
124,Delay,Pois(1000^d)+TS,FMC_ATA,4,8,21,52407.49436671482,3,52407.49436671482,90.95808463816564,0,0,17649.95220340464,17558.994118766474,0.9897570592590711,0.9948841414688141,52315.10802943248,True,0,51816.14659956883,900X900,100000,1e-05
125,Delay,Pois(1000^d)+TS,FMC_ATA,4,8,22,52407.49436671482,4,52407.49436671482,402.9820960761524,0,0,41424.07132248166,41021.08922640551,0.3162864772436808,0.31939360555167695,21641.677446910682,True,0,20742.040143982515,900X900,100000,1e-05
126,Delay,Pois(1000^d)+TS,FMC_ATA,4,4,10,96040.91679690017,4,96040.91679690017,66.39473874837775,0,0,24136.262512945566,24069.867774197188,0.9947782589100974,0.9975222724307578,95943.46428577615,True,0,95274.64497064592,900X900,100000,1e-05
127,Delay,Pois(1000^d)+TS,FMC_ATA,4,4,9,96040.91679690017,9,96040.91679690017,148.90580279365574,0,0,41468.1511687855,41319.24536599185,0.257335151837344,0.2582625331830572,34222.924384716214,True,0,33690.19788138486,900X900,100000,1e-05
128,Delay,Pois(1000^d)+TS,FMC_ATA,4,4,8,96040.91679690017,4,96040.91679690017,171.25714316241485,0,0,48265.63591758315,48094.37877442074,0.49746012339346646,0.49923150711315595,47983.498210464786,True,0,47125.460782758164,900X900,100000,1e-05
129,Delay,Pois(1000^d)+TS,FMC_ATA,4,9,25,99816.18922916184,7,99816.18922916184,422.3713184023531,0,0,39455.27861462976,39032.90729622741,0.3614080575489503,0.36531881921960185,70804.58440841072,True,0,67722.77203703702,900X900,100000,1e-05
130,Delay,Pois(1000^d)+TS,FMC_ATA,4,9,24,99816.18922916184,6,99816.18922916184,305.87187758365496,0,0,39503.653388165316,39197.78151058166,0.42112640506251353,0.4244125789032895,47579.33128107754,True,0,46070.4446909146,900X900,100000,1e-05
131,Delay,Pois(1000^d)+TS,FMC_ATA,4,9,23,99816.18922916184,10,99816.18922916184,231.6719680561505,0,0,49694.70944059142,49463.03747253527,0.20085878427056547,0.2017995544341278,20289.272552965063,True,0,19800.025442739658,900X900,100000,1e-05
132,Delay,Pois(1000^d)+TS,FMC_ATA,4,7,19,70537.88824313064,4,70537.88824313064,167.49132892854675,0,0,35501.42514437599,35333.933815447446,0.49672575084147713,0.4990803501497799,35236.449274624276,True,0,34620.087072092254,900X900,100000,1e-05
133,Delay,Pois(1000^d)+TS,FMC_ATA,4,7,17,70537.88824313064,2,70537.88824313064,17796.622576569553,0,0,53065.56669813488,35268.94412156532,0.6646295576601264,1.0,70537.88824313064,True,0,10816.672088307008,900X900,100000,1e-05
134,Delay,Pois(1000^d)+TS,FMC_ATA,4,7,18,70537.88824313064,2,70537.88824313064,17879.395811355647,0,0,53148.339932920964,35268.94412156532,0.6635944634597919,1.0,70537.88824313064,True,0,10722.749704235683,900X900,100000,1e-05
135,Delay,Pois(1000^d)+TS,FMC_ATA,4,2,3,84166.89356145733,7,84166.89356145733,185.28492453623144,0,0,28320.515356340315,28135.230431804084,0.42456296384660186,0.4273589287457652,36036.67930536573,True,0,35340.00379092063,900X900,100000,1e-05
136,Delay,Pois(1000^d)+TS,FMC_ATA,4,2,4,84166.89356145733,8,84166.89356145733,187.53406975635477,0,0,29867.659827367108,29680.125757610753,0.3522492808607028,0.3544749702579796,38557.61773935225,True,0,37803.24709508092,900X900,100000,1e-05
137,Delay,Pois(1000^d)+TS,FMC_ATA,4,2,2,84166.89356145733,8,84166.89356145733,294.111005099459,0,0,56686.8611312066,56392.75012610714,0.1855961237795603,0.18656408264635266,27283.663797240733,True,0,26451.171282533327,900X900,100000,1e-05
138,Delay,Pois(1000^d)+TS,FMC_ATA,4,11,31,103905.26484421972,8,103905.26484421972,156.46425128273876,0,0,21018.293885102987,20861.82963382025,0.6179454039670178,0.6225800101670687,64784.7492881176,True,0,63725.51749419298,900X900,100000,1e-05
139,Delay,Pois(1000^d)+TS,FMC_ATA,4,11,30,103905.26484421972,8,103905.26484421972,241.6509141976804,0,0,26273.134365811202,26031.48345161352,0.49435129911369624,0.49894037463018326,51902.448523379055,True,0,50597.66868658647,900X900,100000,1e-05
140,Delay,Pois(1000^d)+TS,FMC_ATA,4,11,29,103905.26484421972,5,103905.26484421972,485.36398509799517,0,0,58745.701536379114,58260.33755128112,0.3537459324743102,0.3566929723081733,57296.994803194815,True,0,54440.58785145292,900X900,100000,1e-05
141,Delay,Pois(1000^d)+TS,FMC_ATA,4,5,12,65362.472421499944,5,65362.472421499944,21395.810985606306,0,0,38657.52729628072,17261.716310674416,0.3381616828233529,0.7573113964464896,61173.25059512552,True,0,6420.116948609935,900X900,100000,1e-05
142,Delay,Pois(1000^d)+TS,FMC_ATA,4,5,11,65362.472421499944,5,65362.472421499944,10910.884194225133,0,0,43171.52186930311,32260.637675077982,0.30280365199715414,0.4052150058521244,26649.70721140636,True,0,8441.852534456752,900X900,100000,1e-05
143,Delay,Pois(1000^d)+TS,FMC_ATA,4,5,13,65362.472421499944,1,65362.472421499944,52.30176207297439,0,0,65414.77418357292,65362.472421499944,0.9992004594875433,1.0,65362.472421499944,True,0,65003.28044201216,900X900,100000,1e-05
144,Delay,Pois(1000^d)+TS,FMC_ATA,4,10,27,69201.76697283633,6,69201.76697283633,189.1011996223164,0,0,29170.583806189556,28981.48260656724,0.3953855673727995,0.3979654176212683,28841.600366121605,True,0,28272.65271169487,900X900,100000,1e-05
145,Delay,Pois(1000^d)+TS,FMC_ATA,4,10,26,69201.76697283633,3,69201.76697283633,17940.54326647694,0,0,60904.471880999874,42963.928614522934,0.37874485969901844,0.536898193472344,45523.94501598859,True,0,6875.838239588576,900X900,100000,1e-05
146,Delay,Pois(1000^d)+TS,FMC_ATA,4,10,28,69201.76697283633,2,69201.76697283633,143.0984813827053,0,0,69344.86545421903,69201.76697283633,0.49896821141374065,0.5,34600.88348641817,True,0,34083.1213351171,900X900,100000,1e-05
147,Delay,Pois(1000^d)+TS,FMC_ATA,4,6,15,83354.13506775064,4,83354.13506775064,166.653360289127,0,0,37690.89214255974,37524.23878227061,0.5528798227465473,0.5553352830912966,47907.69315126949,True,0,47073.839219533955,900X900,100000,1e-05
148,Delay,Pois(1000^d)+TS,FMC_ATA,4,6,14,83354.13506775064,2,83354.13506775064,205.60601519266183,0,0,41901.943348751214,41696.33733355855,0.9946332843561874,0.9995378538999943,83334.8652680674,True,0,81549.01548475258,900X900,100000,1e-05
149,Delay,Pois(1000^d)+TS,FMC_ATA,4,6,16,83354.13506775064,2,83354.13506775064,21268.94285835644,0,0,73213.16295479471,51944.220096438265,0.5692564813735574,0.802342733349327,73086.98250518767,True,0,7773.678579033647,900X900,100000,1e-05
